figure_id	figure_basename	role	path	plot_script	copy_script	bytes	sha256	note
Figure1	Figure1_samples_and_marker_groups	plot_script	work/repro_core_figures.py	work/repro_core_figures.py		7429	687f33000d85bceb75f05ccf5828d091e6445816ee760737f60877c03eda7c93	
Figure1	Figure1_samples_and_marker_groups	actual_plot_input	work/results/identity_marker_audit.tsv	work/repro_core_figures.py		86275	056cf631474dca3782081b285fce89e6811cfec5f65f01db073d80f9a315b2d5	
Figure1	Figure1_samples_and_marker_groups	actual_plot_input	work/processed/GSE174574/sample_cell_counts.tsv	work/repro_core_figures.py		4495	7c9b17b3e83d7c4abeaa3ac9cd111c71d9c230bcbf6165943c3bd904e522620a	
Figure1	Figure1_samples_and_marker_groups	actual_plot_input	work/processed/GSE245386/sample_cell_counts.tsv	work/repro_core_figures.py		3821	e8e17f5a01c6a16b5a81aed49b78c4a953c2966a19b986969b4fbc179e701dc3	
Figure1	Figure1_samples_and_marker_groups	exported_figure_source_data	outputs/reproducibility_v2/figure_source_data/figure1_animal_counts.tsv	work/repro_core_figures.py		1399	6af60badf6585f164d0288c8e3c76fa52d1baa195d3b589e5fdd90cfacb06878	
Figure1	Figure1_samples_and_marker_groups	exported_figure_source_data	outputs/reproducibility_v2/figure_source_data/figure1_markers_GSE174574.tsv	work/repro_core_figures.py		485	9c422a83c6677874602d08e0ad95ac364fec0fb62438a83d73ffc4679a9d01f9	
Figure1	Figure1_samples_and_marker_groups	exported_figure_source_data	outputs/reproducibility_v2/figure_source_data/figure1_markers_GSE245386.tsv	work/repro_core_figures.py		484	19f88d7a136f96a83bd10284a93c8e44a89cdb0ce1abcaa9438cfb1742fa0bb4	
Figure1	Figure1_samples_and_marker_groups	figure_export	outputs/reproducibility_v2/figures/Figure1_samples_and_marker_groups.png	work/repro_core_figures.py		206593	46b01a284b5135310ddc89dda1a3e4992b9b3e77646034f5f7f57f6147e9cabc	
Figure1	Figure1_samples_and_marker_groups	figure_export	outputs/reproducibility_v2/figures/Figure1_samples_and_marker_groups.pdf	work/repro_core_figures.py		60758	735038054f839312ba298c681287db4f792a31f39bf9302d1c32d668e36d5bac	
Figure1	Figure1_samples_and_marker_groups	figure_export	outputs/reproducibility_v2/figures/Figure1_samples_and_marker_groups.svg	work/repro_core_figures.py		56141	ad3b603ce9b1d79ac69dec0da0f845bdf2ed6d1e775f76f901a14d3e0e4228a7	
Figure1	Figure1_samples_and_marker_groups	upstream_cell_identity_definition	work/processed/GSE174574/marker_panel.json	work/repro_core_figures.py		1506	22342372dc56e0570d7394c60fee465d69aa29af0def9b2f4984fd24e7c24ed8	Upstream frozen assignment panel; the displayed Figure 1 marker subset is defined in the plotting script.
Figure1	Figure1_samples_and_marker_groups	upstream_cell_identity_definition	work/processed/GSE245386/marker_panel.json	work/repro_core_figures.py		1506	22342372dc56e0570d7394c60fee465d69aa29af0def9b2f4984fd24e7c24ed8	Upstream frozen assignment panel; the displayed Figure 1 marker subset is defined in the plotting script.
Figure2	Figure2_expression_priority_and_null	plot_script	work/repro_core_figures.py	work/repro_core_figures.py		7429	687f33000d85bceb75f05ccf5828d091e6445816ee760737f60877c03eda7c93	
Figure2	Figure2_expression_priority_and_null	actual_plot_input	outputs/reproducibility_v2/tables/null_fixed_common_observed_effects.tsv.gz	work/repro_core_figures.py		46160	bf6f72214ddee8e58c346b93928a4119a164988db6259aadab1d34c854951f6c	
Figure2	Figure2_expression_priority_and_null	actual_plot_input	outputs/reproducibility_v2/tables/null_fixed_common_summary.tsv	work/repro_core_figures.py		5586	3fb8cc1635520a9521981b00f0f40fb4177bded1ffbac77be5d2d80b5b57ed08	
Figure2	Figure2_expression_priority_and_null	actual_plot_input	outputs/reproducibility_v2/tables/null_dynamic_gate_all_allocations.tsv.gz	work/repro_core_figures.py		9907	f1871f1fd614c32849a619ad19d0c78f4fcbb8c83df63a007a515f300b1287a0	
Figure2	Figure2_expression_priority_and_null	actual_plot_input	outputs/reproducibility_v2/tables/null_dynamic_gate_summary.tsv	work/repro_core_figures.py		1332	00e8fd82d0c7bf3431ad605f463129132b4c1afbed3567af5bd81b8de154b141	
Figure2	Figure2_expression_priority_and_null	exported_figure_source_data	outputs/reproducibility_v2/figure_source_data/figure2_common_effects.tsv.gz	work/repro_core_figures.py		42120	2bd574142ebc278e478736345c0446b3bf8d2d88a216fb2b068e56b41b7f366b	
Figure2	Figure2_expression_priority_and_null	exported_figure_source_data	outputs/reproducibility_v2/figure_source_data/figure2_common_null_summary.tsv	work/repro_core_figures.py		5567	409852011dba7ce75d3eb9db98e6cf5fb685000f81744de71f515c952c1b3abf	
Figure2	Figure2_expression_priority_and_null	exported_figure_source_data	outputs/reproducibility_v2/figure_source_data/figure2_original_gate_null.tsv	work/repro_core_figures.py		22666	07614cac55a664a87936b8d68e6b6a7fb398c5d8e9195080554177fe3cf64e97	
Figure2	Figure2_expression_priority_and_null	figure_export	outputs/reproducibility_v2/figures/Figure2_expression_priority_and_null.png	work/repro_core_figures.py		452561	9bac339a816aed5d48c13a1121744cb51b964f42fbf1a924df6b6ff9bb8104f0	
Figure2	Figure2_expression_priority_and_null	figure_export	outputs/reproducibility_v2/figures/Figure2_expression_priority_and_null.pdf	work/repro_core_figures.py		55735	3f3d4b65def7bab7b055629787f695effa40cc396e8b8bef13288c051d7349e4	
Figure2	Figure2_expression_priority_and_null	figure_export	outputs/reproducibility_v2/figures/Figure2_expression_priority_and_null.svg	work/repro_core_figures.py		106323	c63ce09b9dfe36480cf46dadc2db2544950ad51d1694df804c1aaef5b0705f6c	
Figure3	Figure3_implementation_and_rank_universe	plot_script	work/repro_rank_figure.py	work/repro_rank_figure.py		7895	a7ee93c17ac7521b7c96b49ac487a194376f8638fa6cdb34bc67d2631cea01f8	
Figure3	Figure3_implementation_and_rank_universe	actual_plot_input	outputs/reproducibility_v2/tables/rank_background_summary.tsv	work/repro_rank_figure.py		867	555fad51aac56d6c71f87d1e72ca603511177f844697094a92e907522789547a	
Figure3	Figure3_implementation_and_rank_universe	actual_plot_input	outputs/reproducibility_v2/tables/rank_background_context.tsv	work/repro_rank_figure.py		1480	fe649807b40dd5de48767e84c40119afa5fb8a3770d9bbccd79b468d2d0376b6	
Figure3	Figure3_implementation_and_rank_universe	actual_plot_input	outputs/reproducibility_v2/tables/rank_background_zero_effects.tsv	work/repro_rank_figure.py		911	b91a68b1769721fe423f294356b75c64eacc3541630b76b34d612486dd2f61d7	
Figure3	Figure3_implementation_and_rank_universe	exported_figure_source_data	outputs/reproducibility_v2/figure_source_data/figure3_comparison_and_denominators.tsv	work/repro_rank_figure.py		906	4edcbd0c46bd9cb630fb00658e1e84ae6b80ee044879f249247d12c2e81c9e90	
Figure3	Figure3_implementation_and_rank_universe	exported_figure_source_data	outputs/reproducibility_v2/figure_source_data/figure3_global_universe_context.tsv	work/repro_rank_figure.py		1480	fe649807b40dd5de48767e84c40119afa5fb8a3770d9bbccd79b468d2d0376b6	
Figure3	Figure3_implementation_and_rank_universe	exported_figure_source_data	outputs/reproducibility_v2/figure_source_data/figure3_zero_effect_sources.tsv	work/repro_rank_figure.py		911	b91a68b1769721fe423f294356b75c64eacc3541630b76b34d612486dd2f61d7	
Figure3	Figure3_implementation_and_rank_universe	figure_export	outputs/reproducibility_v2/figures/Figure3_implementation_and_rank_universe.png	work/repro_rank_figure.py		383912	4bd44740fd33ce1c6544119a2fd2e00086b612f33e3771f0edeff413a2074193	
Figure3	Figure3_implementation_and_rank_universe	figure_export	outputs/reproducibility_v2/figures/Figure3_implementation_and_rank_universe.pdf	work/repro_rank_figure.py		49188	3169cc541a6e2cca0536932b061e2e8712c39fc25677bed5f638f8a038363ea1	
Figure3	Figure3_implementation_and_rank_universe	figure_export	outputs/reproducibility_v2/figures/Figure3_implementation_and_rank_universe.svg	work/repro_rank_figure.py		55047	c191250ed57b38d5c23ed5349149616db0734e0ed64389a5289e5a705f84d089	
Figure4	Figure4_ambient_sensitivity	plot_script	work/repro_ambient_figure.py	work/repro_ambient_figure.py		5589	31235b28fad57ed129508dfc19ecd2202f19222fd752435a2543fcebb330e70c	
Figure4	Figure4_ambient_sensitivity	actual_plot_input	outputs/reproducibility_v2/tables/ambient_markers_per_animal.tsv	work/repro_ambient_figure.py		162957	f01d4518252b6514666a12464edb79128ea4e7556bc963d4494845db59ff2068	
Figure4	Figure4_ambient_sensitivity	actual_plot_input	outputs/reproducibility_v2/tables/ambient_rank_matched_summary.tsv	work/repro_ambient_figure.py		7861	f9318b9e0f1652809a6e5712150241617402f8a4b9cadec82791603493adcfd3	
Figure4	Figure4_ambient_sensitivity	actual_plot_input	outputs/reproducibility_v2/tables/ambient_concordance_summary.tsv	work/repro_ambient_figure.py		3676	8652add070a434374ad43fc44348cfc79c709d8cb8823f111774e48de619ef41	
Figure4	Figure4_ambient_sensitivity	actual_plot_input	outputs/reproducibility_v2/tables/null_dynamic_gate_summary.tsv	work/repro_ambient_figure.py		1332	00e8fd82d0c7bf3431ad605f463129132b4c1afbed3567af5bd81b8de154b141	
Figure4	Figure4_ambient_sensitivity	exported_figure_source_data	outputs/reproducibility_v2/figure_source_data/figure4_paired_markers.tsv	work/repro_ambient_figure.py		12220	fb59f9d2c6ca48ab9650b0c7f007140cf3da00d109fda2ecef177dc20d3fa3fe	
Figure4	Figure4_ambient_sensitivity	exported_figure_source_data	outputs/reproducibility_v2/figure_source_data/figure4_matched_rank_comparisons.tsv	work/repro_ambient_figure.py		7842	650efed03edc9caee8eafd394991dff634d10e7239f14d1590395929b58e8210	
Figure4	Figure4_ambient_sensitivity	exported_figure_source_data	outputs/reproducibility_v2/figure_source_data/figure4_gate_coverage.tsv	work/repro_ambient_figure.py		205	53dac949cf63a3b245d8cdab502b7875330d8b85d06cd7f36c11b2966dd7820d	
Figure4	Figure4_ambient_sensitivity	figure_export	outputs/reproducibility_v2/figures/Figure4_ambient_sensitivity.png	work/repro_ambient_figure.py		436212	1578deb1f7d1a5a28fc3cd75b1daddeac2bf15008115a372c2ab7258d0169d12	
Figure4	Figure4_ambient_sensitivity	figure_export	outputs/reproducibility_v2/figures/Figure4_ambient_sensitivity.pdf	work/repro_ambient_figure.py		65555	45db9a65d391875ba025c360f719a7096a0f824f2a14eea9a00878b358b427e2	
Figure4	Figure4_ambient_sensitivity	figure_export	outputs/reproducibility_v2/figures/Figure4_ambient_sensitivity.svg	work/repro_ambient_figure.py		89973	ea1ff36954e5393ca595e5aa41c11c160d1031736e189b35d2db574d7144073b	
Figure5	Figure5_third_cohort_transfer	plot_script	work/repro_third_figure.py	work/repro_third_figure.py		7593	3020b5e63e4a1425b29fe259775b43f64ddedf6419d3b8ea676b5f9840d72153	
Figure5	Figure5_third_cohort_transfer	actual_plot_input	work/repro_third_cohort/library_qc_summary.tsv	work/repro_third_figure.py		1260	06b55baaabe7da597949836201453f376fc9a0d7e61c38f1882944396dd4fea6	
Figure5	Figure5_third_cohort_transfer	actual_plot_input	outputs/reproducibility_v2/tables/third_rank_diagnostic_summary.tsv	work/repro_third_figure.py		3909	586c4ad7fc202a86a0a8551a7e21c44b967d18a8cd805b827b363bf1d63f24cb	
Figure5	Figure5_third_cohort_transfer	exported_figure_source_data	outputs/reproducibility_v2/figure_source_data/figure5_library_counts.tsv	work/repro_third_figure.py		453	d30e45d4327120d8d82f18744d77e8afd7d4f551eda8556b3369f01081484c89	
Figure5	Figure5_third_cohort_transfer	exported_figure_source_data	outputs/reproducibility_v2/figure_source_data/figure5_fixed_17_library_comparison.tsv	work/repro_third_figure.py		1250	3017a31075a42192a9136c251834acea4c3f03f054b7bc736a68eeeb8e4e7865	
Figure5	Figure5_third_cohort_transfer	exported_figure_source_data	outputs/reproducibility_v2/figure_source_data/figure5_all_metric_and_universe_results.tsv	work/repro_third_figure.py		3909	586c4ad7fc202a86a0a8551a7e21c44b967d18a8cd805b827b363bf1d63f24cb	
Figure5	Figure5_third_cohort_transfer	figure_export	outputs/reproducibility_v2/figures/Figure5_third_cohort_transfer.png	work/repro_third_figure.py		231969	f8cf96f9c568e122fe1f991ebd00d2b30c432716501c044f12e4640a31471f7d	
Figure5	Figure5_third_cohort_transfer	figure_export	outputs/reproducibility_v2/figures/Figure5_third_cohort_transfer.pdf	work/repro_third_figure.py		45416	cf2a49c74a7ee82283568d980ae73060e856d0e125de6a2bdbe1d76533b57807	
Figure5	Figure5_third_cohort_transfer	figure_export	outputs/reproducibility_v2/figures/Figure5_third_cohort_transfer.svg	work/repro_third_figure.py		36111	79060a1c26daf443fa1a9a51b99f1bdb4e4a763d1e91f5306e16d49905709bb1	
Figure5	Figure5_third_cohort_transfer	upstream_cell_identity_definition	work/repro_third_cohort/processed/GSE332910/marker_panel.json	work/repro_third_figure.py		1506	22342372dc56e0570d7394c60fee465d69aa29af0def9b2f4984fd24e7c24ed8	
Figure5	Figure5_third_cohort_transfer	companion_analysis_not_plotted	outputs/reproducibility_v2/tables/third_rank_diagnostic_original_pair_on99.tsv	work/repro_third_figure.py		1172	0d5b6a6492149f13f064d46dd24b36713f81097ec8502cf3605a930e4f017e68	Original two cohorts restricted to the same 99-candidate set; distinct from original-versus-third contrasts plotted in Figure 5.
Figure5	Figure5_third_cohort_transfer	companion_analysis_not_plotted	outputs/reproducibility_v2/tables/third_rank_diagnostic_original_pair_on99_effects.tsv.gz	work/repro_third_figure.py		16291	51872055c983ac205cbb53ab111b511da28a6a91d1c5b613f6c0e3c5ca27e8b7	Original two cohorts restricted to the same 99-candidate set; distinct from original-versus-third contrasts plotted in Figure 5.
Figure5	Figure5_third_cohort_transfer	companion_analysis_not_plotted	outputs/reproducibility_v2/tables/third_rank_diagnostic_original_pair_on99_audit.json	work/repro_third_figure.py		4041	a435f9947064d41237d6d0db247d2053b9002a8b999a91da0c9d4be12e217ac1	Original two cohorts restricted to the same 99-candidate set; distinct from original-versus-third contrasts plotted in Figure 5.
FigureS1	FigureS1_reference_identity	plot_script	work/revision_identity_figures.py	work/revision_identity_figures.py	work/repro_copy_supplement_figures.py	21707	113a35ad9feb8db5bf7f8a2469d489637ae5ddeb110af3994fc36fbda77fd612	
FigureS1	FigureS1_reference_identity	versioned_export_copy_script	work/repro_copy_supplement_figures.py	work/revision_identity_figures.py	work/repro_copy_supplement_figures.py	1229	b21b05877c90b1af54318cf865dec6ddacc41b835569cfa59694b382c5c19703	
FigureS1	FigureS1_reference_identity	versioned_export_provenance	outputs/reproducibility_v2/supplement_figure_provenance.json	work/revision_identity_figures.py	work/repro_copy_supplement_figures.py	3450	fd8ab799bf19f5af8f0b9bcb4edbd110a771c4513b648a82005e330d7bc54c53	Previously verified vector/PNG export copied unchanged into v2 numbering; source location is retained in this audit.
FigureS1	FigureS1_reference_identity	exported_figure_source_data	outputs/revised/figure_source_data/figure6_sample_metadata.tsv	work/revision_identity_figures.py	work/repro_copy_supplement_figures.py	798	33fdeaf14b63cc14e42c423cda9e958a65ef8c5ab164710d2b5ff973a7a84c92	
FigureS1	FigureS1_reference_identity	exported_figure_source_data	outputs/revised/figure_source_data/figure6_target_proportions.tsv	work/revision_identity_figures.py	work/repro_copy_supplement_figures.py	6545	71ecec927874876160831ed0bbf347ac72163a91b5a7aaf0896439911a05bb17	
FigureS1	FigureS1_reference_identity	exported_figure_source_data	outputs/revised/figure_source_data/figure6_full_label_confusion.tsv	work/revision_identity_figures.py	work/repro_copy_supplement_figures.py	149519	17303be91fd2a3511b25db964937f0ecbfff19c08fa0fb6b96604983501bb401	
FigureS1	FigureS1_reference_identity	exported_figure_source_data	outputs/revised/figure_source_data/figure6_coarse_confusion_by_sample.tsv	work/revision_identity_figures.py	work/repro_copy_supplement_figures.py	14209	9736bed12e1cf50eb78a0b376d81fd1a0b8d042ae482c611bbf6a4387b4dacc2	
FigureS1	FigureS1_reference_identity	exported_figure_source_data	outputs/revised/figure_source_data/figure6_confusion_animal_mean.tsv	work/revision_identity_figures.py	work/repro_copy_supplement_figures.py	1747	1f16800e672d025f4090887fcfc68d6da4341af29e208f93004e9853615159be	
FigureS1	FigureS1_reference_identity	figure_export	outputs/reproducibility_v2/figures/FigureS1_reference_identity.png	work/revision_identity_figures.py	work/repro_copy_supplement_figures.py	490579	69ae1f7a1e24d1ede95706ba3430bee6c7196e7d05df324b0678bf40db44505e	
FigureS1	FigureS1_reference_identity	figure_export	outputs/reproducibility_v2/figures/FigureS1_reference_identity.pdf	work/revision_identity_figures.py	work/repro_copy_supplement_figures.py	58234	0bf7c2a9966908d6769af0ca6f5df598e7eb74e5204c7d7e5f54c0e3acbbe2b9	
FigureS1	FigureS1_reference_identity	figure_export	outputs/reproducibility_v2/figures/FigureS1_reference_identity.svg	work/revision_identity_figures.py	work/repro_copy_supplement_figures.py	79181	0ccfe64fbcd4c2ec020d27edbb53e4a1310a0351496d237c7ef89142725b65b7	
FigureS1	FigureS1_reference_identity	actual_plot_input	work/revision_sample_manifest.tsv	work/revision_identity_figures.py	work/repro_copy_supplement_figures.py	454	5305925feb508f3c62ceeda8169b03ccef870be2402f590542d3b2728d0cea08	
FigureS1	FigureS1_reference_identity	actual_plot_input	work/processed/GSE174574/qc_summary.tsv	work/revision_identity_figures.py	work/repro_copy_supplement_figures.py	731	678e986e87c2ed535b11e2d8474849e544efae2be5fd1e21a2ab54d6646302ea	
FigureS1	FigureS1_reference_identity	actual_plot_input	work/revision_results/identity/GSE174574/GSM5319987_audit.json	work/revision_identity_figures.py	work/repro_copy_supplement_figures.py	2256	5ee104e4567b9b6a622b62c10816baa8914ec7a552d8a4ee0707bdb56aa5382b	Shared complete-input loader reads labels, real/simulated doublet scores and audits; no new model fit.
FigureS1	FigureS1_reference_identity	actual_plot_input	work/revision_results/identity/GSE174574/GSM5319988_audit.json	work/revision_identity_figures.py	work/repro_copy_supplement_figures.py	2216	bd907938cbdba7b7cd235c26028462ba4dd7d92af7fe5ee07bdef328312416e0	Shared complete-input loader reads labels, real/simulated doublet scores and audits; no new model fit.
FigureS1	FigureS1_reference_identity	actual_plot_input	work/revision_results/identity/GSE174574/GSM5319989_audit.json	work/revision_identity_figures.py	work/repro_copy_supplement_figures.py	2222	f5c1503e1b223b5731d28bca3685e0628851e8cdc1eb48403df23a0fc8a74b68	Shared complete-input loader reads labels, real/simulated doublet scores and audits; no new model fit.
FigureS1	FigureS1_reference_identity	actual_plot_input	work/revision_results/identity/GSE174574/GSM5319990_audit.json	work/revision_identity_figures.py	work/repro_copy_supplement_figures.py	2252	f29748075d61e808295cea53a4f9e68d8681e2bd5e0034f4d78fa4f5f9752315	Shared complete-input loader reads labels, real/simulated doublet scores and audits; no new model fit.
FigureS1	FigureS1_reference_identity	actual_plot_input	work/revision_results/identity/GSE174574/GSM5319991_audit.json	work/revision_identity_figures.py	work/repro_copy_supplement_figures.py	2245	f60c2894a1fbe681183a4075cd6f8a688605c0841f75b2995dd909a22356e296	Shared complete-input loader reads labels, real/simulated doublet scores and audits; no new model fit.
FigureS1	FigureS1_reference_identity	actual_plot_input	work/revision_results/identity/GSE174574/GSM5319992_audit.json	work/revision_identity_figures.py	work/repro_copy_supplement_figures.py	2242	ad8bf28d80aca6b75eda476554b263994c1c6e9c8fa2afd368561db894a5c3f6	Shared complete-input loader reads labels, real/simulated doublet scores and audits; no new model fit.
FigureS1	FigureS1_reference_identity	actual_plot_input	work/revision_results/identity/GSE174574/GSM5319987_identity.tsv.gz	work/revision_identity_figures.py	work/repro_copy_supplement_figures.py	404880	e2909946abb416f3565b0580516f8894d82d82d7b26bab6705a29e57773e45a2	Shared complete-input loader reads labels, real/simulated doublet scores and audits; no new model fit.
FigureS1	FigureS1_reference_identity	actual_plot_input	work/revision_results/identity/GSE174574/GSM5319988_identity.tsv.gz	work/revision_identity_figures.py	work/repro_copy_supplement_figures.py	393880	34ed41b3601ebf79899eb7f6bd8dfcbe06c74d57b09c7f4f3284ff9aa26a8ca0	Shared complete-input loader reads labels, real/simulated doublet scores and audits; no new model fit.
FigureS1	FigureS1_reference_identity	actual_plot_input	work/revision_results/identity/GSE174574/GSM5319989_identity.tsv.gz	work/revision_identity_figures.py	work/repro_copy_supplement_figures.py	460592	f5a3d871f2fca79b1c8d51cbf3d3cf872037322121a160ea7df2535a9f31ace4	Shared complete-input loader reads labels, real/simulated doublet scores and audits; no new model fit.
FigureS1	FigureS1_reference_identity	actual_plot_input	work/revision_results/identity/GSE174574/GSM5319990_identity.tsv.gz	work/revision_identity_figures.py	work/repro_copy_supplement_figures.py	559483	c970f00896a9a0ff4c5ab7bab38d22947abb48e00847677b1c0ea02999dedc37	Shared complete-input loader reads labels, real/simulated doublet scores and audits; no new model fit.
FigureS1	FigureS1_reference_identity	actual_plot_input	work/revision_results/identity/GSE174574/GSM5319991_identity.tsv.gz	work/revision_identity_figures.py	work/repro_copy_supplement_figures.py	540494	88fe36e93b53416e0e7054c9b77149a7edfbdd1eca53ec6b84d46e2d24ffb9b2	Shared complete-input loader reads labels, real/simulated doublet scores and audits; no new model fit.
FigureS1	FigureS1_reference_identity	actual_plot_input	work/revision_results/identity/GSE174574/GSM5319992_identity.tsv.gz	work/revision_identity_figures.py	work/repro_copy_supplement_figures.py	381933	d11c934cec3084202475ef9ed67cac007d7928a4a57d2ce0d38966665caba60d	Shared complete-input loader reads labels, real/simulated doublet scores and audits; no new model fit.
FigureS1	FigureS1_reference_identity	actual_plot_input	work/revision_results/identity/GSE174574/GSM5319987_simulated_doublet_scores.tsv.gz	work/revision_identity_figures.py	work/repro_copy_supplement_figures.py	29883	d6fc0a45ff32764a8d098f7bdeeea33e6b8e25fec25e4616438affa969319ad2	Shared complete-input loader reads labels, real/simulated doublet scores and audits; no new model fit.
FigureS1	FigureS1_reference_identity	actual_plot_input	work/revision_results/identity/GSE174574/GSM5319988_simulated_doublet_scores.tsv.gz	work/revision_identity_figures.py	work/repro_copy_supplement_figures.py	29006	f516df3afe3e23c6c6b138bdbc0e5fabb0a19faddf4bbd2c93379b3903433ed5	Shared complete-input loader reads labels, real/simulated doublet scores and audits; no new model fit.
FigureS1	FigureS1_reference_identity	actual_plot_input	work/revision_results/identity/GSE174574/GSM5319989_simulated_doublet_scores.tsv.gz	work/revision_identity_figures.py	work/repro_copy_supplement_figures.py	34168	9972df5373d4ebb97ee13e67a3c6dfbc6407a80e4c1922e24c99eab1c84a6e60	Shared complete-input loader reads labels, real/simulated doublet scores and audits; no new model fit.
FigureS1	FigureS1_reference_identity	actual_plot_input	work/revision_results/identity/GSE174574/GSM5319990_simulated_doublet_scores.tsv.gz	work/revision_identity_figures.py	work/repro_copy_supplement_figures.py	45305	f4f2f07ae778cdfd442d853dd78c2555ea45c13c9e9a68f852bc22697ecf076c	Shared complete-input loader reads labels, real/simulated doublet scores and audits; no new model fit.
FigureS1	FigureS1_reference_identity	actual_plot_input	work/revision_results/identity/GSE174574/GSM5319991_simulated_doublet_scores.tsv.gz	work/revision_identity_figures.py	work/repro_copy_supplement_figures.py	43366	4806dd9936e8d6139bd56789673dd77446d63338080bb6abf547f6ac8dbe6225	Shared complete-input loader reads labels, real/simulated doublet scores and audits; no new model fit.
FigureS1	FigureS1_reference_identity	actual_plot_input	work/revision_results/identity/GSE174574/GSM5319992_simulated_doublet_scores.tsv.gz	work/revision_identity_figures.py	work/repro_copy_supplement_figures.py	30216	bbe3cf04fffa32af031ecb32fe2d5f1beabd9180854538457b3cb4f969529f15	Shared complete-input loader reads labels, real/simulated doublet scores and audits; no new model fit.
FigureS1	FigureS1_reference_identity	actual_plot_input	work/processed/GSE245386/qc_summary.tsv	work/revision_identity_figures.py	work/repro_copy_supplement_figures.py	651	7e049ba45d3c54e4773e80473ffabcbc4268bc011a301bb50760065126467ff1	
FigureS1	FigureS1_reference_identity	actual_plot_input	work/revision_results/identity/GSE245386/GSM7841720_audit.json	work/revision_identity_figures.py	work/repro_copy_supplement_figures.py	2192	98fd6dd62ac910417e9b65e4b663d550e5d472eb3171fd3709d11eee3f9bfeb5	Shared complete-input loader reads labels, real/simulated doublet scores and audits; no new model fit.
FigureS1	FigureS1_reference_identity	actual_plot_input	work/revision_results/identity/GSE245386/GSM7841721_audit.json	work/revision_identity_figures.py	work/repro_copy_supplement_figures.py	2226	38c786473fe540f02e35cdfa6a78e0dc1bc9245ba1f3bfc6538e127c7568602e	Shared complete-input loader reads labels, real/simulated doublet scores and audits; no new model fit.
FigureS1	FigureS1_reference_identity	actual_plot_input	work/revision_results/identity/GSE245386/GSM7841722_audit.json	work/revision_identity_figures.py	work/repro_copy_supplement_figures.py	2238	c5194aaa4a70de244a7450f88197d02bb98b100143685997bd4c9810899d2ac8	Shared complete-input loader reads labels, real/simulated doublet scores and audits; no new model fit.
FigureS1	FigureS1_reference_identity	actual_plot_input	work/revision_results/identity/GSE245386/GSM7841723_audit.json	work/revision_identity_figures.py	work/repro_copy_supplement_figures.py	2202	a76ec5056c81980bb491813e7a1aced81398c4bc750403dbd04c3acc9a3d0ace	Shared complete-input loader reads labels, real/simulated doublet scores and audits; no new model fit.
FigureS1	FigureS1_reference_identity	actual_plot_input	work/revision_results/identity/GSE245386/GSM7841724_audit.json	work/revision_identity_figures.py	work/repro_copy_supplement_figures.py	2223	91be74ad17c91c7d8bd26fdb851251a0723bbb98e30943cb6bab7fb2c2a0f98c	Shared complete-input loader reads labels, real/simulated doublet scores and audits; no new model fit.
FigureS1	FigureS1_reference_identity	actual_plot_input	work/revision_results/identity/GSE245386/GSM7841720_identity.tsv.gz	work/revision_identity_figures.py	work/repro_copy_supplement_figures.py	694721	6584343cf817aea1e94368046ca55caa161e48531bcb929f8525df48e70d0453	Shared complete-input loader reads labels, real/simulated doublet scores and audits; no new model fit.
FigureS1	FigureS1_reference_identity	actual_plot_input	work/revision_results/identity/GSE245386/GSM7841721_identity.tsv.gz	work/revision_identity_figures.py	work/repro_copy_supplement_figures.py	438036	c3bdacc723697bab10f87886c8a52cdfa73921bd8b61d22bc823202e423a7e9e	Shared complete-input loader reads labels, real/simulated doublet scores and audits; no new model fit.
FigureS1	FigureS1_reference_identity	actual_plot_input	work/revision_results/identity/GSE245386/GSM7841722_identity.tsv.gz	work/revision_identity_figures.py	work/repro_copy_supplement_figures.py	423561	da237c4c69bb1e98bdbdbbe979f509559410389b22345dd2935e978a5a8d450a	Shared complete-input loader reads labels, real/simulated doublet scores and audits; no new model fit.
FigureS1	FigureS1_reference_identity	actual_plot_input	work/revision_results/identity/GSE245386/GSM7841723_identity.tsv.gz	work/revision_identity_figures.py	work/repro_copy_supplement_figures.py	448279	a278e8feb297a276a2ae926e55b9330a54d47a7be7a71f82d8e83f35bf93a93c	Shared complete-input loader reads labels, real/simulated doublet scores and audits; no new model fit.
FigureS1	FigureS1_reference_identity	actual_plot_input	work/revision_results/identity/GSE245386/GSM7841724_identity.tsv.gz	work/revision_identity_figures.py	work/repro_copy_supplement_figures.py	552499	ec66dad28e9197cfe29da174bf3ea4996619005c7a610a37770c1b0db33cc297	Shared complete-input loader reads labels, real/simulated doublet scores and audits; no new model fit.
FigureS1	FigureS1_reference_identity	actual_plot_input	work/revision_results/identity/GSE245386/GSM7841720_simulated_doublet_scores.tsv.gz	work/revision_identity_figures.py	work/repro_copy_supplement_figures.py	60021	f8de67b46c7e6940bfd213b933d8316c83dccb8e949ee0ff397bb6b8a08a6204	Shared complete-input loader reads labels, real/simulated doublet scores and audits; no new model fit.
FigureS1	FigureS1_reference_identity	actual_plot_input	work/revision_results/identity/GSE245386/GSM7841721_simulated_doublet_scores.tsv.gz	work/revision_identity_figures.py	work/repro_copy_supplement_figures.py	37195	d250c2b8a78cde5fa2c3334f45433b9ae9a02f695009b03629c98aef30f112b9	Shared complete-input loader reads labels, real/simulated doublet scores and audits; no new model fit.
FigureS1	FigureS1_reference_identity	actual_plot_input	work/revision_results/identity/GSE245386/GSM7841722_simulated_doublet_scores.tsv.gz	work/revision_identity_figures.py	work/repro_copy_supplement_figures.py	35109	1aec6edfee39e9e6576a5108acbc67386ecc32595390e3a8f5d70538101041d0	Shared complete-input loader reads labels, real/simulated doublet scores and audits; no new model fit.
FigureS1	FigureS1_reference_identity	actual_plot_input	work/revision_results/identity/GSE245386/GSM7841723_simulated_doublet_scores.tsv.gz	work/revision_identity_figures.py	work/repro_copy_supplement_figures.py	37361	8caf48dd313b0c049691c1c8f7d3077032f2131f8755882a33b76ace93f1905f	Shared complete-input loader reads labels, real/simulated doublet scores and audits; no new model fit.
FigureS1	FigureS1_reference_identity	actual_plot_input	work/revision_results/identity/GSE245386/GSM7841724_simulated_doublet_scores.tsv.gz	work/revision_identity_figures.py	work/repro_copy_supplement_figures.py	45462	012a313187e2c7b487aba6aa4f8d38e52a94bd0dea3bb000bd650863564f0ab5	Shared complete-input loader reads labels, real/simulated doublet scores and audits; no new model fit.
FigureS2	FigureS2_doublet_distributions	plot_script	work/revision_identity_figures.py	work/revision_identity_figures.py	work/repro_copy_supplement_figures.py	21707	113a35ad9feb8db5bf7f8a2469d489637ae5ddeb110af3994fc36fbda77fd612	
FigureS2	FigureS2_doublet_distributions	versioned_export_copy_script	work/repro_copy_supplement_figures.py	work/revision_identity_figures.py	work/repro_copy_supplement_figures.py	1229	b21b05877c90b1af54318cf865dec6ddacc41b835569cfa59694b382c5c19703	
FigureS2	FigureS2_doublet_distributions	versioned_export_provenance	outputs/reproducibility_v2/supplement_figure_provenance.json	work/revision_identity_figures.py	work/repro_copy_supplement_figures.py	3450	fd8ab799bf19f5af8f0b9bcb4edbd110a771c4513b648a82005e330d7bc54c53	Previously verified vector/PNG export copied unchanged into v2 numbering; source location is retained in this audit.
FigureS2	FigureS2_doublet_distributions	exported_figure_source_data	outputs/revised/figure_source_data/figureS3_histogram_bins.tsv	work/revision_identity_figures.py	work/repro_copy_supplement_figures.py	104979	5ca82a0b51b22e4d25b83a1995705c0511921d2a30b36eafced5d6058ae9eae9	
FigureS2	FigureS2_doublet_distributions	exported_figure_source_data	outputs/revised/figure_source_data/figureS3_sample_doublet_audits.tsv	work/revision_identity_figures.py	work/repro_copy_supplement_figures.py	1440	bf7602350d131b6dfdad649a15e037c823b6c453a80f20ecb8bfa49748a2e3a2	
FigureS2	FigureS2_doublet_distributions	figure_export	outputs/reproducibility_v2/figures/FigureS2_doublet_distributions.png	work/revision_identity_figures.py	work/repro_copy_supplement_figures.py	582863	c5a368c72b1619a172b750a426d9dcae731a5731adb2ec4754bde6d2e38ec93d	
FigureS2	FigureS2_doublet_distributions	figure_export	outputs/reproducibility_v2/figures/FigureS2_doublet_distributions.pdf	work/revision_identity_figures.py	work/repro_copy_supplement_figures.py	56432	cd588fd17d46678952efc0dcf4514786dc1597dbdc1a68955acd614c66abfe96	
FigureS2	FigureS2_doublet_distributions	figure_export	outputs/reproducibility_v2/figures/FigureS2_doublet_distributions.svg	work/revision_identity_figures.py	work/repro_copy_supplement_figures.py	143490	5693f41ba4b1db817910e8851b91f3615d5a8586cab445c9f7285d46402e6bd3	
FigureS2	FigureS2_doublet_distributions	actual_plot_input	work/revision_sample_manifest.tsv	work/revision_identity_figures.py	work/repro_copy_supplement_figures.py	454	5305925feb508f3c62ceeda8169b03ccef870be2402f590542d3b2728d0cea08	
FigureS2	FigureS2_doublet_distributions	actual_plot_input	work/processed/GSE174574/qc_summary.tsv	work/revision_identity_figures.py	work/repro_copy_supplement_figures.py	731	678e986e87c2ed535b11e2d8474849e544efae2be5fd1e21a2ab54d6646302ea	
FigureS2	FigureS2_doublet_distributions	actual_plot_input	work/revision_results/identity/GSE174574/GSM5319987_audit.json	work/revision_identity_figures.py	work/repro_copy_supplement_figures.py	2256	5ee104e4567b9b6a622b62c10816baa8914ec7a552d8a4ee0707bdb56aa5382b	Shared complete-input loader reads labels, real/simulated doublet scores and audits; no new model fit.
FigureS2	FigureS2_doublet_distributions	actual_plot_input	work/revision_results/identity/GSE174574/GSM5319988_audit.json	work/revision_identity_figures.py	work/repro_copy_supplement_figures.py	2216	bd907938cbdba7b7cd235c26028462ba4dd7d92af7fe5ee07bdef328312416e0	Shared complete-input loader reads labels, real/simulated doublet scores and audits; no new model fit.
FigureS2	FigureS2_doublet_distributions	actual_plot_input	work/revision_results/identity/GSE174574/GSM5319989_audit.json	work/revision_identity_figures.py	work/repro_copy_supplement_figures.py	2222	f5c1503e1b223b5731d28bca3685e0628851e8cdc1eb48403df23a0fc8a74b68	Shared complete-input loader reads labels, real/simulated doublet scores and audits; no new model fit.
FigureS2	FigureS2_doublet_distributions	actual_plot_input	work/revision_results/identity/GSE174574/GSM5319990_audit.json	work/revision_identity_figures.py	work/repro_copy_supplement_figures.py	2252	f29748075d61e808295cea53a4f9e68d8681e2bd5e0034f4d78fa4f5f9752315	Shared complete-input loader reads labels, real/simulated doublet scores and audits; no new model fit.
FigureS2	FigureS2_doublet_distributions	actual_plot_input	work/revision_results/identity/GSE174574/GSM5319991_audit.json	work/revision_identity_figures.py	work/repro_copy_supplement_figures.py	2245	f60c2894a1fbe681183a4075cd6f8a688605c0841f75b2995dd909a22356e296	Shared complete-input loader reads labels, real/simulated doublet scores and audits; no new model fit.
FigureS2	FigureS2_doublet_distributions	actual_plot_input	work/revision_results/identity/GSE174574/GSM5319992_audit.json	work/revision_identity_figures.py	work/repro_copy_supplement_figures.py	2242	ad8bf28d80aca6b75eda476554b263994c1c6e9c8fa2afd368561db894a5c3f6	Shared complete-input loader reads labels, real/simulated doublet scores and audits; no new model fit.
FigureS2	FigureS2_doublet_distributions	actual_plot_input	work/revision_results/identity/GSE174574/GSM5319987_identity.tsv.gz	work/revision_identity_figures.py	work/repro_copy_supplement_figures.py	404880	e2909946abb416f3565b0580516f8894d82d82d7b26bab6705a29e57773e45a2	Shared complete-input loader reads labels, real/simulated doublet scores and audits; no new model fit.
FigureS2	FigureS2_doublet_distributions	actual_plot_input	work/revision_results/identity/GSE174574/GSM5319988_identity.tsv.gz	work/revision_identity_figures.py	work/repro_copy_supplement_figures.py	393880	34ed41b3601ebf79899eb7f6bd8dfcbe06c74d57b09c7f4f3284ff9aa26a8ca0	Shared complete-input loader reads labels, real/simulated doublet scores and audits; no new model fit.
FigureS2	FigureS2_doublet_distributions	actual_plot_input	work/revision_results/identity/GSE174574/GSM5319989_identity.tsv.gz	work/revision_identity_figures.py	work/repro_copy_supplement_figures.py	460592	f5a3d871f2fca79b1c8d51cbf3d3cf872037322121a160ea7df2535a9f31ace4	Shared complete-input loader reads labels, real/simulated doublet scores and audits; no new model fit.
FigureS2	FigureS2_doublet_distributions	actual_plot_input	work/revision_results/identity/GSE174574/GSM5319990_identity.tsv.gz	work/revision_identity_figures.py	work/repro_copy_supplement_figures.py	559483	c970f00896a9a0ff4c5ab7bab38d22947abb48e00847677b1c0ea02999dedc37	Shared complete-input loader reads labels, real/simulated doublet scores and audits; no new model fit.
FigureS2	FigureS2_doublet_distributions	actual_plot_input	work/revision_results/identity/GSE174574/GSM5319991_identity.tsv.gz	work/revision_identity_figures.py	work/repro_copy_supplement_figures.py	540494	88fe36e93b53416e0e7054c9b77149a7edfbdd1eca53ec6b84d46e2d24ffb9b2	Shared complete-input loader reads labels, real/simulated doublet scores and audits; no new model fit.
FigureS2	FigureS2_doublet_distributions	actual_plot_input	work/revision_results/identity/GSE174574/GSM5319992_identity.tsv.gz	work/revision_identity_figures.py	work/repro_copy_supplement_figures.py	381933	d11c934cec3084202475ef9ed67cac007d7928a4a57d2ce0d38966665caba60d	Shared complete-input loader reads labels, real/simulated doublet scores and audits; no new model fit.
FigureS2	FigureS2_doublet_distributions	actual_plot_input	work/revision_results/identity/GSE174574/GSM5319987_simulated_doublet_scores.tsv.gz	work/revision_identity_figures.py	work/repro_copy_supplement_figures.py	29883	d6fc0a45ff32764a8d098f7bdeeea33e6b8e25fec25e4616438affa969319ad2	Shared complete-input loader reads labels, real/simulated doublet scores and audits; no new model fit.
FigureS2	FigureS2_doublet_distributions	actual_plot_input	work/revision_results/identity/GSE174574/GSM5319988_simulated_doublet_scores.tsv.gz	work/revision_identity_figures.py	work/repro_copy_supplement_figures.py	29006	f516df3afe3e23c6c6b138bdbc0e5fabb0a19faddf4bbd2c93379b3903433ed5	Shared complete-input loader reads labels, real/simulated doublet scores and audits; no new model fit.
FigureS2	FigureS2_doublet_distributions	actual_plot_input	work/revision_results/identity/GSE174574/GSM5319989_simulated_doublet_scores.tsv.gz	work/revision_identity_figures.py	work/repro_copy_supplement_figures.py	34168	9972df5373d4ebb97ee13e67a3c6dfbc6407a80e4c1922e24c99eab1c84a6e60	Shared complete-input loader reads labels, real/simulated doublet scores and audits; no new model fit.
FigureS2	FigureS2_doublet_distributions	actual_plot_input	work/revision_results/identity/GSE174574/GSM5319990_simulated_doublet_scores.tsv.gz	work/revision_identity_figures.py	work/repro_copy_supplement_figures.py	45305	f4f2f07ae778cdfd442d853dd78c2555ea45c13c9e9a68f852bc22697ecf076c	Shared complete-input loader reads labels, real/simulated doublet scores and audits; no new model fit.
FigureS2	FigureS2_doublet_distributions	actual_plot_input	work/revision_results/identity/GSE174574/GSM5319991_simulated_doublet_scores.tsv.gz	work/revision_identity_figures.py	work/repro_copy_supplement_figures.py	43366	4806dd9936e8d6139bd56789673dd77446d63338080bb6abf547f6ac8dbe6225	Shared complete-input loader reads labels, real/simulated doublet scores and audits; no new model fit.
FigureS2	FigureS2_doublet_distributions	actual_plot_input	work/revision_results/identity/GSE174574/GSM5319992_simulated_doublet_scores.tsv.gz	work/revision_identity_figures.py	work/repro_copy_supplement_figures.py	30216	bbe3cf04fffa32af031ecb32fe2d5f1beabd9180854538457b3cb4f969529f15	Shared complete-input loader reads labels, real/simulated doublet scores and audits; no new model fit.
FigureS2	FigureS2_doublet_distributions	actual_plot_input	work/processed/GSE245386/qc_summary.tsv	work/revision_identity_figures.py	work/repro_copy_supplement_figures.py	651	7e049ba45d3c54e4773e80473ffabcbc4268bc011a301bb50760065126467ff1	
FigureS2	FigureS2_doublet_distributions	actual_plot_input	work/revision_results/identity/GSE245386/GSM7841720_audit.json	work/revision_identity_figures.py	work/repro_copy_supplement_figures.py	2192	98fd6dd62ac910417e9b65e4b663d550e5d472eb3171fd3709d11eee3f9bfeb5	Shared complete-input loader reads labels, real/simulated doublet scores and audits; no new model fit.
FigureS2	FigureS2_doublet_distributions	actual_plot_input	work/revision_results/identity/GSE245386/GSM7841721_audit.json	work/revision_identity_figures.py	work/repro_copy_supplement_figures.py	2226	38c786473fe540f02e35cdfa6a78e0dc1bc9245ba1f3bfc6538e127c7568602e	Shared complete-input loader reads labels, real/simulated doublet scores and audits; no new model fit.
FigureS2	FigureS2_doublet_distributions	actual_plot_input	work/revision_results/identity/GSE245386/GSM7841722_audit.json	work/revision_identity_figures.py	work/repro_copy_supplement_figures.py	2238	c5194aaa4a70de244a7450f88197d02bb98b100143685997bd4c9810899d2ac8	Shared complete-input loader reads labels, real/simulated doublet scores and audits; no new model fit.
FigureS2	FigureS2_doublet_distributions	actual_plot_input	work/revision_results/identity/GSE245386/GSM7841723_audit.json	work/revision_identity_figures.py	work/repro_copy_supplement_figures.py	2202	a76ec5056c81980bb491813e7a1aced81398c4bc750403dbd04c3acc9a3d0ace	Shared complete-input loader reads labels, real/simulated doublet scores and audits; no new model fit.
FigureS2	FigureS2_doublet_distributions	actual_plot_input	work/revision_results/identity/GSE245386/GSM7841724_audit.json	work/revision_identity_figures.py	work/repro_copy_supplement_figures.py	2223	91be74ad17c91c7d8bd26fdb851251a0723bbb98e30943cb6bab7fb2c2a0f98c	Shared complete-input loader reads labels, real/simulated doublet scores and audits; no new model fit.
FigureS2	FigureS2_doublet_distributions	actual_plot_input	work/revision_results/identity/GSE245386/GSM7841720_identity.tsv.gz	work/revision_identity_figures.py	work/repro_copy_supplement_figures.py	694721	6584343cf817aea1e94368046ca55caa161e48531bcb929f8525df48e70d0453	Shared complete-input loader reads labels, real/simulated doublet scores and audits; no new model fit.
FigureS2	FigureS2_doublet_distributions	actual_plot_input	work/revision_results/identity/GSE245386/GSM7841721_identity.tsv.gz	work/revision_identity_figures.py	work/repro_copy_supplement_figures.py	438036	c3bdacc723697bab10f87886c8a52cdfa73921bd8b61d22bc823202e423a7e9e	Shared complete-input loader reads labels, real/simulated doublet scores and audits; no new model fit.
FigureS2	FigureS2_doublet_distributions	actual_plot_input	work/revision_results/identity/GSE245386/GSM7841722_identity.tsv.gz	work/revision_identity_figures.py	work/repro_copy_supplement_figures.py	423561	da237c4c69bb1e98bdbdbbe979f509559410389b22345dd2935e978a5a8d450a	Shared complete-input loader reads labels, real/simulated doublet scores and audits; no new model fit.
FigureS2	FigureS2_doublet_distributions	actual_plot_input	work/revision_results/identity/GSE245386/GSM7841723_identity.tsv.gz	work/revision_identity_figures.py	work/repro_copy_supplement_figures.py	448279	a278e8feb297a276a2ae926e55b9330a54d47a7be7a71f82d8e83f35bf93a93c	Shared complete-input loader reads labels, real/simulated doublet scores and audits; no new model fit.
FigureS2	FigureS2_doublet_distributions	actual_plot_input	work/revision_results/identity/GSE245386/GSM7841724_identity.tsv.gz	work/revision_identity_figures.py	work/repro_copy_supplement_figures.py	552499	ec66dad28e9197cfe29da174bf3ea4996619005c7a610a37770c1b0db33cc297	Shared complete-input loader reads labels, real/simulated doublet scores and audits; no new model fit.
FigureS2	FigureS2_doublet_distributions	actual_plot_input	work/revision_results/identity/GSE245386/GSM7841720_simulated_doublet_scores.tsv.gz	work/revision_identity_figures.py	work/repro_copy_supplement_figures.py	60021	f8de67b46c7e6940bfd213b933d8316c83dccb8e949ee0ff397bb6b8a08a6204	Shared complete-input loader reads labels, real/simulated doublet scores and audits; no new model fit.
FigureS2	FigureS2_doublet_distributions	actual_plot_input	work/revision_results/identity/GSE245386/GSM7841721_simulated_doublet_scores.tsv.gz	work/revision_identity_figures.py	work/repro_copy_supplement_figures.py	37195	d250c2b8a78cde5fa2c3334f45433b9ae9a02f695009b03629c98aef30f112b9	Shared complete-input loader reads labels, real/simulated doublet scores and audits; no new model fit.
FigureS2	FigureS2_doublet_distributions	actual_plot_input	work/revision_results/identity/GSE245386/GSM7841722_simulated_doublet_scores.tsv.gz	work/revision_identity_figures.py	work/repro_copy_supplement_figures.py	35109	1aec6edfee39e9e6576a5108acbc67386ecc32595390e3a8f5d70538101041d0	Shared complete-input loader reads labels, real/simulated doublet scores and audits; no new model fit.
FigureS2	FigureS2_doublet_distributions	actual_plot_input	work/revision_results/identity/GSE245386/GSM7841723_simulated_doublet_scores.tsv.gz	work/revision_identity_figures.py	work/repro_copy_supplement_figures.py	37361	8caf48dd313b0c049691c1c8f7d3077032f2131f8755882a33b76ace93f1905f	Shared complete-input loader reads labels, real/simulated doublet scores and audits; no new model fit.
FigureS2	FigureS2_doublet_distributions	actual_plot_input	work/revision_results/identity/GSE245386/GSM7841724_simulated_doublet_scores.tsv.gz	work/revision_identity_figures.py	work/repro_copy_supplement_figures.py	45462	012a313187e2c7b487aba6aa4f8d38e52a94bd0dea3bb000bd650863564f0ab5	Shared complete-input loader reads labels, real/simulated doublet scores and audits; no new model fit.
FigureS3	FigureS3_barrier_selection	plot_script	work/revision_barrier_figure.py	work/revision_barrier_figure.py	work/repro_copy_supplement_figures.py	2265	792f94163d7d9723e71bfde878b0181b0d87aadc805c665910e4cc4a51bb4d1c	
FigureS3	FigureS3_barrier_selection	versioned_export_copy_script	work/repro_copy_supplement_figures.py	work/revision_barrier_figure.py	work/repro_copy_supplement_figures.py	1229	b21b05877c90b1af54318cf865dec6ddacc41b835569cfa59694b382c5c19703	
FigureS3	FigureS3_barrier_selection	versioned_export_provenance	outputs/reproducibility_v2/supplement_figure_provenance.json	work/revision_barrier_figure.py	work/repro_copy_supplement_figures.py	3450	fd8ab799bf19f5af8f0b9bcb4edbd110a771c4513b648a82005e330d7bc54c53	Previously verified vector/PNG export copied unchanged into v2 numbering; source location is retained in this audit.
FigureS3	FigureS3_barrier_selection	actual_plot_input	outputs/revised/tables/barrier_genes_cell_selection_sensitivity.tsv	work/revision_barrier_figure.py	work/repro_copy_supplement_figures.py	29894	8b647e4740d1e18b49d023fe9de5f0ce61a7383a01d42a4f4a9dd29e6eb9ec0d	
FigureS3	FigureS3_barrier_selection	actual_plot_input	work/gene_panels.json	work/revision_barrier_figure.py	work/repro_copy_supplement_figures.py	932	e6919ffddf1039dc638c875c3c2e49eb13336fc868e2f9d06cfbee58f5edd819	
FigureS3	FigureS3_barrier_selection	exported_figure_source_data	outputs/revised/figure_source_data/figureS4_barrier_effects.tsv	work/revision_barrier_figure.py	work/repro_copy_supplement_figures.py	29886	02c0a636aaf7a042728a730ef08dfcbfaee41da63c8d79445eaa8e64943d8ffa	
FigureS3	FigureS3_barrier_selection	figure_export	outputs/reproducibility_v2/figures/FigureS3_barrier_selection.png	work/revision_barrier_figure.py	work/repro_copy_supplement_figures.py	376047	ac512cbec6207a489c70c1c62bb3341ebf60557efceeca577c1a304b1467a4a9	
FigureS3	FigureS3_barrier_selection	figure_export	outputs/reproducibility_v2/figures/FigureS3_barrier_selection.pdf	work/revision_barrier_figure.py	work/repro_copy_supplement_figures.py	70685	4fdede01deb0a3cf56cddea5e981496a74366048811352af1afddbf5dc99034e	
FigureS3	FigureS3_barrier_selection	figure_export	outputs/reproducibility_v2/figures/FigureS3_barrier_selection.svg	work/revision_barrier_figure.py	work/repro_copy_supplement_figures.py	84551	66c2fd9306944570900d25d5c98feb51187d230009927db6f9f9e6e0efbe19a0	
FigureS4	FigureS4_sorted_effects_and_intervals	plot_script	work/repro_sorted_descriptive.py	work/repro_sorted_descriptive.py		4809	b5c8f718e27f1c6e6effaabcd12095dc836ddf14cab3d368659f485d978c3b87	
FigureS4	FigureS4_sorted_effects_and_intervals	actual_plot_input	work/sorted_rna/astro_endothelial_normalized.tsv.gz	work/repro_sorted_descriptive.py		756558	ea46749bb6cffa12c33369791e455059c2f38dc3748e7965b24e224020a6a270	
FigureS4	FigureS4_sorted_effects_and_intervals	actual_plot_input	work/sorted_rna/diff_expression.tsv.gz	work/repro_sorted_descriptive.py		2335998	5895669960c5fb8711f56794c38379af6da88a32b5739161ffd3696725de74cb	
FigureS4	FigureS4_sorted_effects_and_intervals	exported_figure_source_data	outputs/reproducibility_v2/figure_source_data/sorted_fixed_components_per_pool.tsv	work/repro_sorted_descriptive.py		3366	f6b00629fa15ad4b848b30b8449b8f4c97ab940dcc7acae1e23d0167484979a0	
FigureS4	FigureS4_sorted_effects_and_intervals	exported_figure_source_data	outputs/reproducibility_v2/tables/sorted_fixed_component_effects_ci.tsv	work/repro_sorted_descriptive.py		2217	bf4d479313db83e85d0048b7e9e63bde2be8d97f52b46ab3d64b134aefab4163	
FigureS4	FigureS4_sorted_effects_and_intervals	figure_export	outputs/reproducibility_v2/figures/FigureS4_sorted_effects_and_intervals.png	work/repro_sorted_descriptive.py		139308	99955fd39c52d6b2c9c346025e8ef974f9ee5197d38365128be1315c628ab13d	
FigureS4	FigureS4_sorted_effects_and_intervals	figure_export	outputs/reproducibility_v2/figures/FigureS4_sorted_effects_and_intervals.pdf	work/repro_sorted_descriptive.py		51155	c931ca8af5bce543345434c5f79422dbd7a3be04653c9bf5c2e3ec48bef5458e	
FigureS4	FigureS4_sorted_effects_and_intervals	figure_export	outputs/reproducibility_v2/figures/FigureS4_sorted_effects_and_intervals.svg	work/repro_sorted_descriptive.py		31253	6fff26badc0f9ea20046429c4a2c93aaaff287df07aaaad54bddb8de48f01dcf	
FigureS4	FigureS4_sorted_effects_and_intervals	complete_unselected_descriptive_results	outputs/reproducibility_v2/tables/sorted_all_gene_descriptive_effects.tsv.gz	work/repro_sorted_descriptive.py		1607419	90ed10f65ef17756bdc3cf205e13fb66821c0a7c8537faf6988caceafd4c3760	49,914 gene/cell-type paired-pool effects with pointwise intervals; fixed illustrative genes only are displayed.
FigureS4	FigureS4_sorted_effects_and_intervals	descriptive_source_audit	outputs/reproducibility_v2/tables/sorted_descriptive_audit.json	work/repro_sorted_descriptive.py		781	cd1a16f176c7dbf4576fa5760f72c5a09515c2a7390a83a30b294c879ea7950d	
FigureS5	FigureS5_spatial_expression_context	plot_script	work/make_figures.py	work/make_figures.py	work/repro_copy_supplement_figures.py	11584	95041a9d9116ce1bf154ae6ff0bae8051145ae23802d3cf65b38ee101b14df4e	
FigureS5	FigureS5_spatial_expression_context	versioned_export_copy_script	work/repro_copy_supplement_figures.py	work/make_figures.py	work/repro_copy_supplement_figures.py	1229	b21b05877c90b1af54318cf865dec6ddacc41b835569cfa59694b382c5c19703	
FigureS5	FigureS5_spatial_expression_context	versioned_export_provenance	outputs/reproducibility_v2/supplement_figure_provenance.json	work/make_figures.py	work/repro_copy_supplement_figures.py	3450	fd8ab799bf19f5af8f0b9bcb4edbd110a771c4513b648a82005e330d7bc54c53	Previously verified vector/PNG export copied unchanged into v2 numbering; source location is retained in this audit.
FigureS5	FigureS5_spatial_expression_context	actual_plot_input	work/results/spatial/GSM7437221_spots.tsv.gz	work/make_figures.py	work/repro_copy_supplement_figures.py	420049	6ac5f65f7b07c7a0609da86143416fe404273f50658389517c95d9ddad0f0673	
FigureS5	FigureS5_spatial_expression_context	actual_plot_input	work/results/spatial/GSM7437222_spots.tsv.gz	work/make_figures.py	work/repro_copy_supplement_figures.py	370499	3c48f36eaef49306bb1f4a37a3fe2264cb502f22b40b901af71893115c953429	
FigureS5	FigureS5_spatial_expression_context	exported_figure_source_data	outputs/figure_source_data/figure5_GSM7437221.tsv.gz	work/make_figures.py	work/repro_copy_supplement_figures.py	92176	445fbaffdded880ce417aeeaff2c4ca680e77c156abc35ae7ada2877bff494a0	
FigureS5	FigureS5_spatial_expression_context	exported_figure_source_data	outputs/figure_source_data/figure5_GSM7437222.tsv.gz	work/make_figures.py	work/repro_copy_supplement_figures.py	91235	79334d07301ae74eb1bde2764caa7f7b75fe15b027a08c64cb6f0c21a3a83250	
FigureS5	FigureS5_spatial_expression_context	figure_export	outputs/reproducibility_v2/figures/FigureS5_spatial_expression_context.png	work/make_figures.py	work/repro_copy_supplement_figures.py	2954418	8426b456a2c3feb55da1765103254dbe1b74d83bdcc9cec90acddb4ce7bab69c	
FigureS5	FigureS5_spatial_expression_context	figure_export	outputs/reproducibility_v2/figures/FigureS5_spatial_expression_context.pdf	work/make_figures.py	work/repro_copy_supplement_figures.py	464469	fe939439449cb2c4bce6316dab1e1a2f3cc24a94c726011f36c05728a341177f	
FigureS5	FigureS5_spatial_expression_context	figure_export	outputs/reproducibility_v2/figures/FigureS5_spatial_expression_context.svg	work/make_figures.py	work/repro_copy_supplement_figures.py	2836674	a4b92331f65e4ba42c5f6f4709250ec0c55d6d07834be12101413b43793535cb	
FigureS6	FigureS6_cellchat_controlled_extension	plot_script	work/repro_v3_cellchat_figure.py	work/repro_v3_cellchat_figure.py		8621	14208baa6e37da216ffcb37448bf57563d989e88ea8e2cb14ca71949c728a01c	
FigureS6	FigureS6_cellchat_controlled_extension	actual_plot_input	work/repro_v3_cellchat/tables/target_disease_effects.tsv.gz	work/repro_v3_cellchat_figure.py		7249	c9a2374bbd814895c0cd80f90a092df70c79b74020a9a2b43346a53cfc7e016e	
FigureS6	FigureS6_cellchat_controlled_extension	actual_plot_input	work/repro_v3_cellchat/tables/cross_cohort_concordance.tsv	work/repro_v3_cellchat_figure.py		3595	fc16aa2b1022544514b8e3d8550b74248fae5a80a30eb9b463e5ed4b62f7c55f	
FigureS6	FigureS6_cellchat_controlled_extension	actual_plot_input	work/repro_v3_cellchat/tables/zero_strength_target_audit.tsv	work/repro_v3_cellchat_figure.py		6918	78e1ff7de562caddc7360fc66844b8fe7d770af448fdb1937c18bd355234a690	
FigureS6	FigureS6_cellchat_controlled_extension	actual_plot_input	work/repro_v3_cellchat/tables/tie_zero_audit.tsv	work/repro_v3_cellchat_figure.py		1196	4ee8a1cbe8e3cfe560b34588d040802c5babe60f2c34cacf70e7abe6e626b536	
FigureS6	FigureS6_cellchat_controlled_extension	actual_plot_input	work/repro_v3_cellchat/tables/summary_audit.json	work/repro_v3_cellchat_figure.py		18346	8e589aa6fdb1f0ed2f9d81460c2c9b7463ae298e37ededb11a297cefef8958c5	
FigureS6	FigureS6_cellchat_controlled_extension	exported_figure_source_data	outputs/reproducibility_v3_cellchat/figure_source_data/figureS6_candidate_effects.tsv	work/repro_v3_cellchat_figure.py		13418	3efe0d538586a3d4c4490a427e007e0b3150a53330ef5b26fd2567bd1411ff3a	
FigureS6	FigureS6_cellchat_controlled_extension	exported_figure_source_data	outputs/reproducibility_v3_cellchat/figure_source_data/figureS6_concordance.tsv	work/repro_v3_cellchat_figure.py		615	bbdb4881163c89759e9a61689752da5d36bafa400f9bb49dab8a0214b2dd6aab	
FigureS6	FigureS6_cellchat_controlled_extension	exported_figure_source_data	outputs/reproducibility_v3_cellchat/figure_source_data/figureS6_zero_tie_floors.tsv	work/repro_v3_cellchat_figure.py		1196	4ee8a1cbe8e3cfe560b34588d040802c5babe60f2c34cacf70e7abe6e626b536	
FigureS6	FigureS6_cellchat_controlled_extension	figure_export	outputs/reproducibility_v3_cellchat/figures/FigureS6_cellchat_controlled_extension.png	work/repro_v3_cellchat_figure.py		444336	2b79a397209af7432f6f5fa01f99dd956f49faed31790463f81ed06bafbdd109	
FigureS6	FigureS6_cellchat_controlled_extension	figure_export	outputs/reproducibility_v3_cellchat/figures/FigureS6_cellchat_controlled_extension.pdf	work/repro_v3_cellchat_figure.py		53873	22bad96471af8b21ec601eb57e4346b7327e2fe9b710f2b7ff44d827ae0308c4	
FigureS6	FigureS6_cellchat_controlled_extension	figure_export	outputs/reproducibility_v3_cellchat/figures/FigureS6_cellchat_controlled_extension.svg	work/repro_v3_cellchat_figure.py		52939	8a4b01f2e14c20fd139a77fb639118bcad73ef40f74e2a5db291657930d49e7b	
FigureS6	FigureS6_cellchat_controlled_extension	visual_review	outputs/reproducibility_v3_cellchat/figure_source_data/figureS6_visual_review.json	work/repro_v3_cellchat_figure.py		828	46f3b8866a214b04a423d3a79543abbf252b1a0ead253afd8ad1eeb3843038db	
