config	allocation_id	discovery_allocation	validation_allocation	is_observed	metric	gate	n_candidates	n_nonzero_both	n_zero_discovery	n_zero_validation	n_same_direction	same_direction_all_fraction	same_direction_nonzero_fraction	spearman_rho
primary	0	0	0	False	custom_score	0.1	322	322	0	0	244	0.7577639751552795	0.7577639751552795	0.684588593035627
primary	1	0	1	False	custom_score	0.1	323	323	0	0	241	0.7461300309597523	0.7461300309597523	0.6776250226349161
primary	2	0	2	False	custom_score	0.1	312	312	0	0	108	0.3461538461538461	0.3461538461538461	-0.499172533280915
primary	3	0	3	False	custom_score	0.1	312	312	0	0	166	0.532051282051282	0.532051282051282	-0.0505565669366939
primary	4	0	4	False	custom_score	0.1	324	324	0	0	242	0.7469135802469136	0.7469135802469136	0.7085072651349553
primary	5	0	5	False	custom_score	0.1	311	311	0	0	80	0.2572347266881029	0.2572347266881029	-0.6443928662827958
primary	6	0	6	False	custom_score	0.1	311	311	0	0	170	0.5466237942122186	0.5466237942122186	0.157290010869047
primary	7	0	7	False	custom_score	0.1	310	310	0	0	85	0.2741935483870967	0.2741935483870967	-0.6103312028686553
primary	8	0	8	False	custom_score	0.1	312	312	0	0	165	0.5288461538461539	0.5288461538461539	0.1190961380606045
primary	9	0	9	False	custom_score	0.1	323	323	0	0	65	0.2012383900928792	0.2012383900928792	-0.7427882976103759
primary	10	1	0	False	custom_score	0.1	322	322	0	0	235	0.7298136645962733	0.7298136645962733	0.5902726658423672
primary	11	1	1	False	custom_score	0.1	324	324	0	0	235	0.7253086419753086	0.7253086419753086	0.5567352997160345
primary	12	1	2	False	custom_score	0.1	312	312	0	0	111	0.3557692307692308	0.3557692307692308	-0.49805120079971
primary	13	1	3	False	custom_score	0.1	313	313	0	0	152	0.4856230031948881	0.4856230031948881	-0.1027939036481176
primary	14	1	4	False	custom_score	0.1	324	324	0	0	235	0.7253086419753086	0.7253086419753086	0.6534916873491371
primary	15	1	5	False	custom_score	0.1	312	312	0	0	100	0.3205128205128205	0.3205128205128205	-0.5305145268464896
primary	16	1	6	False	custom_score	0.1	311	311	0	0	164	0.5273311897106109	0.5273311897106109	0.2067167479268724
primary	17	1	7	False	custom_score	0.1	310	310	0	0	101	0.3258064516129032	0.3258064516129032	-0.5248745547433555
primary	18	1	8	False	custom_score	0.1	313	313	0	0	160	0.5111821086261981	0.5111821086261981	0.1343146671968001
primary	19	1	9	False	custom_score	0.1	323	323	0	0	75	0.2321981424148606	0.2321981424148606	-0.6436251974824098
primary	20	2	0	False	custom_score	0.1	320	320	0	0	238	0.74375	0.74375	0.6449659502838072
primary	21	2	1	False	custom_score	0.1	322	322	0	0	234	0.7267080745341615	0.7267080745341615	0.6154214710872129
primary	22	2	2	False	custom_score	0.1	310	310	0	0	136	0.4387096774193548	0.4387096774193548	-0.442038188851253
primary	23	2	3	False	custom_score	0.1	311	311	0	0	165	0.5305466237942122	0.5305466237942122	-0.082038066997133
primary	24	2	4	False	custom_score	0.1	322	322	0	0	215	0.6677018633540373	0.6677018633540373	0.6521803203266527
primary	25	2	5	False	custom_score	0.1	310	310	0	0	100	0.3225806451612903	0.3225806451612903	-0.5372235159152439
primary	26	2	6	False	custom_score	0.1	309	309	0	0	150	0.4854368932038835	0.4854368932038835	0.132990009190154
primary	27	2	7	False	custom_score	0.1	308	308	0	0	100	0.3246753246753247	0.3246753246753247	-0.5352684688969375
primary	28	2	8	False	custom_score	0.1	311	311	0	0	136	0.4372990353697749	0.4372990353697749	0.0566317443593754
primary	29	2	9	False	custom_score	0.1	321	321	0	0	92	0.2866043613707165	0.2866043613707165	-0.6803908255193202
primary	30	3	0	False	custom_score	0.1	311	311	0	0	205	0.6591639871382636	0.6591639871382636	0.524540927876323
primary	31	3	1	False	custom_score	0.1	312	312	0	0	196	0.6282051282051282	0.6282051282051282	0.4958768904952454
primary	32	3	2	False	custom_score	0.1	301	301	0	0	66	0.2192691029900332	0.2192691029900332	-0.6807207059736213
primary	33	3	3	False	custom_score	0.1	301	301	0	0	122	0.4053156146179402	0.4053156146179402	-0.224932614229085
primary	34	3	4	False	custom_score	0.1	313	313	0	0	241	0.7699680511182109	0.7699680511182109	0.740173828718505
primary	35	3	5	False	custom_score	0.1	300	300	0	0	109	0.3633333333333333	0.3633333333333333	-0.5057663986858518
primary	36	3	6	False	custom_score	0.1	300	300	0	0	200	0.6666666666666666	0.6666666666666666	0.3727088907007613
primary	37	3	7	False	custom_score	0.1	299	299	0	0	102	0.3411371237458194	0.3411371237458194	-0.5111134455149033
primary	38	3	8	False	custom_score	0.1	301	301	0	0	194	0.6445182724252492	0.6445182724252492	0.3161772713861678
primary	39	3	9	False	custom_score	0.1	312	312	0	0	94	0.3012820512820512	0.3012820512820512	-0.628905327810962
primary	40	4	0	False	custom_score	0.1	318	318	0	0	211	0.6635220125786163	0.6635220125786163	0.5833666385671249
primary	41	4	1	False	custom_score	0.1	319	319	0	0	220	0.6896551724137931	0.6896551724137931	0.5732177450940708
primary	42	4	2	False	custom_score	0.1	308	308	0	0	128	0.4155844155844156	0.4155844155844156	-0.354447039438085
primary	43	4	3	False	custom_score	0.1	308	308	0	0	158	0.512987012987013	0.512987012987013	-0.0113271369731558
primary	44	4	4	False	custom_score	0.1	320	320	0	0	209	0.653125	0.653125	0.5461693130858176
primary	45	4	5	False	custom_score	0.1	307	307	0	0	103	0.3355048859934853	0.3355048859934853	-0.5344088106329792
primary	46	4	6	False	custom_score	0.1	307	307	0	0	158	0.5146579804560261	0.5146579804560261	0.1036723758412642
primary	47	4	7	False	custom_score	0.1	306	306	0	0	101	0.3300653594771242	0.3300653594771242	-0.5219035788535541
primary	48	4	8	False	custom_score	0.1	308	308	0	0	151	0.4902597402597403	0.4902597402597403	0.0401395752000202
primary	49	4	9	False	custom_score	0.1	319	319	0	0	94	0.2946708463949843	0.2946708463949843	-0.6116574517317996
primary	50	5	0	False	custom_score	0.1	318	318	0	0	226	0.710691823899371	0.710691823899371	0.6255820019636094
primary	51	5	1	False	custom_score	0.1	319	319	0	0	227	0.7115987460815048	0.7115987460815048	0.6255307759971418
primary	52	5	2	False	custom_score	0.1	308	308	0	0	131	0.4253246753246753	0.4253246753246753	-0.2974776538601574
primary	53	5	3	False	custom_score	0.1	308	308	0	0	171	0.5551948051948052	0.5551948051948052	0.0332326891985494
primary	54	5	4	False	custom_score	0.1	320	320	0	0	213	0.665625	0.665625	0.5375662001520158
primary	55	5	5	False	custom_score	0.1	307	307	0	0	93	0.3029315960912052	0.3029315960912052	-0.5598026275543796
primary	56	5	6	False	custom_score	0.1	307	307	0	0	154	0.501628664495114	0.501628664495114	0.0317834336128302
primary	57	5	7	False	custom_score	0.1	306	306	0	0	90	0.2941176470588235	0.2941176470588235	-0.5439859914930402
primary	58	5	8	False	custom_score	0.1	308	308	0	0	143	0.4642857142857143	0.4642857142857143	-0.0208272368780152
primary	59	5	9	False	custom_score	0.1	319	319	0	0	91	0.2852664576802508	0.2852664576802508	-0.6388566198277008
primary	60	6	0	False	custom_score	0.1	319	319	0	0	207	0.6489028213166145	0.6489028213166145	0.5472351591121946
primary	61	6	1	False	custom_score	0.1	321	321	0	0	204	0.6355140186915887	0.6355140186915887	0.5352715822675854
primary	62	6	2	False	custom_score	0.1	309	309	0	0	86	0.2783171521035599	0.2783171521035599	-0.5557798015504292
primary	63	6	3	False	custom_score	0.1	310	310	0	0	138	0.4451612903225806	0.4451612903225806	-0.1245453780114615
primary	64	6	4	False	custom_score	0.1	321	321	0	0	236	0.735202492211838	0.735202492211838	0.6590039725075413
primary	65	6	5	False	custom_score	0.1	309	309	0	0	103	0.3333333333333333	0.3333333333333333	-0.5397524495044862
primary	66	6	6	False	custom_score	0.1	308	308	0	0	192	0.6233766233766234	0.6233766233766234	0.2626586028146269
primary	67	6	7	False	custom_score	0.1	307	307	0	0	100	0.3257328990228013	0.3257328990228013	-0.5268622903125134
primary	68	6	8	False	custom_score	0.1	310	310	0	0	188	0.6064516129032258	0.6064516129032258	0.2224754557498579
primary	69	6	9	False	custom_score	0.1	320	320	0	0	98	0.30625	0.30625	-0.6235782863318283
primary	70	7	0	False	custom_score	0.1	316	316	0	0	109	0.3449367088607595	0.3449367088607595	-0.5596369595984355
primary	71	7	1	False	custom_score	0.1	318	318	0	0	110	0.3459119496855345	0.3459119496855345	-0.5764981104644111
primary	72	7	2	False	custom_score	0.1	306	306	0	0	214	0.6993464052287581	0.6993464052287581	0.515946361591026
primary	73	7	3	False	custom_score	0.1	307	307	0	0	154	0.501628664495114	0.501628664495114	0.0663661219466422
primary	74	7	4	False	custom_score	0.1	318	318	0	0	84	0.2641509433962264	0.2641509433962264	-0.6646855183619125
primary	75	7	5	False	custom_score	0.1	306	306	0	0	210	0.6862745098039216	0.6862745098039216	0.5809287797588635
primary	76	7	6	False	custom_score	0.1	305	305	0	0	118	0.3868852459016393	0.3868852459016393	-0.1938988127651484
primary	77	7	7	False	custom_score	0.1	304	304	0	0	196	0.6447368421052632	0.6447368421052632	0.5079040287171488
primary	78	7	8	False	custom_score	0.1	307	307	0	0	113	0.3680781758957654	0.3680781758957654	-0.2093000204257049
primary	79	7	9	False	custom_score	0.1	317	317	0	0	219	0.6908517350157729	0.6908517350157729	0.6473374564310624
primary	80	8	0	False	custom_score	0.1	313	313	0	0	82	0.2619808306709265	0.2619808306709265	-0.6509963580067792
primary	81	8	1	False	custom_score	0.1	314	314	0	0	77	0.2452229299363057	0.2452229299363057	-0.6648248654406255
primary	82	8	2	False	custom_score	0.1	303	303	0	0	151	0.4983498349834983	0.4983498349834983	0.2382391746182249
primary	83	8	3	False	custom_score	0.1	303	303	0	0	125	0.4125412541254125	0.4125412541254125	-0.1149637976637851
primary	84	8	4	False	custom_score	0.1	315	315	0	0	111	0.3523809523809524	0.3523809523809524	-0.5311832258676331
primary	85	8	5	False	custom_score	0.1	302	302	0	0	216	0.7152317880794702	0.7152317880794702	0.5939723998213721
primary	86	8	6	False	custom_score	0.1	302	302	0	0	172	0.5695364238410596	0.5695364238410596	0.0378447027044689
primary	87	8	7	False	custom_score	0.1	301	301	0	0	194	0.6445182724252492	0.6445182724252492	0.544626860713045
primary	88	8	8	False	custom_score	0.1	303	303	0	0	174	0.5742574257425742	0.5742574257425742	0.0607809713903513
primary	89	8	9	False	custom_score	0.1	314	314	0	0	222	0.7070063694267515	0.7070063694267515	0.6605153994221488
primary	90	9	0	False	custom_score	0.1	317	317	0	0	89	0.2807570977917981	0.2807570977917981	-0.6309934894987206
primary	91	9	1	False	custom_score	0.1	318	318	0	0	91	0.2861635220125786	0.2861635220125786	-0.6323430577152648
primary	92	9	2	False	custom_score	0.1	307	307	0	0	185	0.6026058631921825	0.6026058631921825	0.3264718171930519
primary	93	9	3	False	custom_score	0.1	307	307	0	0	131	0.4267100977198697	0.4267100977198697	-0.0699672670303202
primary	94	9	4	False	custom_score	0.1	319	319	0	0	102	0.3197492163009404	0.3197492163009404	-0.5701180668728314
primary	95	9	5	False	custom_score	0.1	306	306	0	0	211	0.6895424836601307	0.6895424836601307	0.5989491106893184
primary	96	9	6	False	custom_score	0.1	306	306	0	0	147	0.4803921568627451	0.4803921568627451	-0.048156964968681
primary	97	9	7	False	custom_score	0.1	305	305	0	0	213	0.6983606557377049	0.6983606557377049	0.5551695924414203
primary	98	9	8	False	custom_score	0.1	307	307	0	0	148	0.4820846905537459	0.4820846905537459	-0.0164104467630442
primary	99	9	9	False	custom_score	0.1	318	318	0	0	229	0.720125786163522	0.720125786163522	0.656474705374625
primary	100	10	0	False	custom_score	0.1	317	317	0	0	228	0.7192429022082019	0.7192429022082019	0.6309934894987206
primary	101	10	1	False	custom_score	0.1	318	318	0	0	227	0.7138364779874213	0.7138364779874213	0.6323430577152648
primary	102	10	2	False	custom_score	0.1	307	307	0	0	122	0.3973941368078176	0.3973941368078176	-0.3264718171930519
primary	103	10	3	False	custom_score	0.1	307	307	0	0	176	0.5732899022801303	0.5732899022801303	0.0699672670303202
primary	104	10	4	False	custom_score	0.1	319	319	0	0	217	0.6802507836990596	0.6802507836990596	0.5701180668728314
primary	105	10	5	False	custom_score	0.1	306	306	0	0	95	0.3104575163398693	0.3104575163398693	-0.5989491106893184
primary	106	10	6	False	custom_score	0.1	306	306	0	0	159	0.5196078431372549	0.5196078431372549	0.048156964968681
primary	107	10	7	False	custom_score	0.1	305	305	0	0	92	0.3016393442622951	0.3016393442622951	-0.5551695924414203
primary	108	10	8	False	custom_score	0.1	307	307	0	0	159	0.5179153094462541	0.5179153094462541	0.0164104467630442
primary	109	10	9	False	custom_score	0.1	318	318	0	0	89	0.279874213836478	0.279874213836478	-0.656474705374625
primary	110	11	0	False	custom_score	0.1	313	313	0	0	231	0.7380191693290735	0.7380191693290735	0.6509963580067792
primary	111	11	1	False	custom_score	0.1	314	314	0	0	237	0.7547770700636943	0.7547770700636943	0.6648248654406255
primary	112	11	2	False	custom_score	0.1	303	303	0	0	152	0.5016501650165016	0.5016501650165016	-0.2382391746182249
primary	113	11	3	False	custom_score	0.1	303	303	0	0	178	0.5874587458745875	0.5874587458745875	0.1149637976637851
primary	114	11	4	False	custom_score	0.1	315	315	0	0	204	0.6476190476190476	0.6476190476190476	0.5311832258676331
primary	115	11	5	False	custom_score	0.1	302	302	0	0	86	0.2847682119205298	0.2847682119205298	-0.5939723998213721
primary	116	11	6	False	custom_score	0.1	302	302	0	0	130	0.4304635761589404	0.4304635761589404	-0.0378447027044689
primary	117	11	7	False	custom_score	0.1	301	301	0	0	107	0.3554817275747508	0.3554817275747508	-0.544626860713045
primary	118	11	8	False	custom_score	0.1	303	303	0	0	129	0.4257425742574257	0.4257425742574257	-0.0607809713903513
primary	119	11	9	False	custom_score	0.1	314	314	0	0	92	0.2929936305732484	0.2929936305732484	-0.6605153994221488
primary	120	12	0	False	custom_score	0.1	316	316	0	0	207	0.6550632911392406	0.6550632911392406	0.5596369595984355
primary	121	12	1	False	custom_score	0.1	318	318	0	0	208	0.6540880503144654	0.6540880503144654	0.5764981104644111
primary	122	12	2	False	custom_score	0.1	306	306	0	0	92	0.3006535947712418	0.3006535947712418	-0.515946361591026
primary	123	12	3	False	custom_score	0.1	307	307	0	0	153	0.498371335504886	0.498371335504886	-0.0663661219466422
primary	124	12	4	False	custom_score	0.1	318	318	0	0	234	0.7358490566037735	0.7358490566037735	0.6646855183619125
primary	125	12	5	False	custom_score	0.1	306	306	0	0	96	0.3137254901960784	0.3137254901960784	-0.5809287797588635
primary	126	12	6	False	custom_score	0.1	305	305	0	0	187	0.6131147540983607	0.6131147540983607	0.1938988127651484
primary	127	12	7	False	custom_score	0.1	304	304	0	0	108	0.3552631578947368	0.3552631578947368	-0.5079040287171488
primary	128	12	8	False	custom_score	0.1	307	307	0	0	194	0.6319218241042345	0.6319218241042345	0.2093000204257049
primary	129	12	9	False	custom_score	0.1	317	317	0	0	98	0.3091482649842271	0.3091482649842271	-0.6473374564310624
primary	130	13	0	False	custom_score	0.1	319	319	0	0	112	0.3510971786833856	0.3510971786833856	-0.5472351591121946
primary	131	13	1	False	custom_score	0.1	321	321	0	0	117	0.3644859813084112	0.3644859813084112	-0.5352715822675854
primary	132	13	2	False	custom_score	0.1	309	309	0	0	223	0.7216828478964401	0.7216828478964401	0.5557798015504292
primary	133	13	3	False	custom_score	0.1	310	310	0	0	172	0.5548387096774193	0.5548387096774193	0.1245453780114615
primary	134	13	4	False	custom_score	0.1	321	321	0	0	85	0.2647975077881619	0.2647975077881619	-0.6590039725075413
primary	135	13	5	False	custom_score	0.1	309	309	0	0	206	0.6666666666666666	0.6666666666666666	0.5397524495044862
primary	136	13	6	False	custom_score	0.1	308	308	0	0	116	0.3766233766233766	0.3766233766233766	-0.2626586028146269
primary	137	13	7	False	custom_score	0.1	307	307	0	0	207	0.6742671009771987	0.6742671009771987	0.5268622903125134
primary	138	13	8	False	custom_score	0.1	310	310	0	0	122	0.3935483870967742	0.3935483870967742	-0.2224754557498579
primary	139	13	9	False	custom_score	0.1	320	320	0	0	222	0.69375	0.69375	0.6235782863318283
primary	140	14	0	False	custom_score	0.1	318	318	0	0	92	0.2893081761006289	0.2893081761006289	-0.6255820019636094
primary	141	14	1	False	custom_score	0.1	319	319	0	0	92	0.2884012539184953	0.2884012539184953	-0.6255307759971418
primary	142	14	2	False	custom_score	0.1	308	308	0	0	177	0.5746753246753247	0.5746753246753247	0.2974776538601574
primary	143	14	3	False	custom_score	0.1	308	308	0	0	137	0.4448051948051948	0.4448051948051948	-0.0332326891985494
primary	144	14	4	False	custom_score	0.1	320	320	0	0	107	0.334375	0.334375	-0.5375662001520158
primary	145	14	5	False	custom_score	0.1	307	307	0	0	214	0.6970684039087948	0.6970684039087948	0.5598026275543796
primary	146	14	6	False	custom_score	0.1	307	307	0	0	153	0.498371335504886	0.498371335504886	-0.0317834336128302
primary	147	14	7	False	custom_score	0.1	306	306	0	0	216	0.7058823529411765	0.7058823529411765	0.5439859914930402
primary	148	14	8	False	custom_score	0.1	308	308	0	0	165	0.5357142857142857	0.5357142857142857	0.0208272368780152
primary	149	14	9	False	custom_score	0.1	319	319	0	0	228	0.7147335423197492	0.7147335423197492	0.6388566198277008
primary	150	15	0	False	custom_score	0.1	318	318	0	0	107	0.3364779874213836	0.3364779874213836	-0.5833666385671249
primary	151	15	1	False	custom_score	0.1	319	319	0	0	99	0.3103448275862069	0.3103448275862069	-0.5732177450940708
primary	152	15	2	False	custom_score	0.1	308	308	0	0	180	0.5844155844155844	0.5844155844155844	0.354447039438085
primary	153	15	3	False	custom_score	0.1	308	308	0	0	150	0.487012987012987	0.487012987012987	0.0113271369731558
primary	154	15	4	False	custom_score	0.1	320	320	0	0	111	0.346875	0.346875	-0.5461693130858176
primary	155	15	5	False	custom_score	0.1	307	307	0	0	204	0.6644951140065146	0.6644951140065146	0.5344088106329792
primary	156	15	6	False	custom_score	0.1	307	307	0	0	149	0.4853420195439739	0.4853420195439739	-0.1036723758412642
primary	157	15	7	False	custom_score	0.1	306	306	0	0	205	0.6699346405228758	0.6699346405228758	0.5219035788535541
primary	158	15	8	False	custom_score	0.1	308	308	0	0	157	0.5097402597402597	0.5097402597402597	-0.0401395752000202
primary	159	15	9	False	custom_score	0.1	319	319	0	0	225	0.7053291536050157	0.7053291536050157	0.6116574517317996
primary	160	16	0	False	custom_score	0.1	311	311	0	0	106	0.3408360128617363	0.3408360128617363	-0.524540927876323
primary	161	16	1	False	custom_score	0.1	312	312	0	0	116	0.3717948717948718	0.3717948717948718	-0.4958768904952454
primary	162	16	2	False	custom_score	0.1	301	301	0	0	235	0.7807308970099668	0.7807308970099668	0.6807207059736213
primary	163	16	3	False	custom_score	0.1	301	301	0	0	179	0.5946843853820598	0.5946843853820598	0.224932614229085
primary	164	16	4	False	custom_score	0.1	313	313	0	0	72	0.2300319488817891	0.2300319488817891	-0.740173828718505
primary	165	16	5	False	custom_score	0.1	300	300	0	0	191	0.6366666666666667	0.6366666666666667	0.5057663986858518
primary	166	16	6	False	custom_score	0.1	300	300	0	0	100	0.3333333333333333	0.3333333333333333	-0.3727088907007613
primary	167	16	7	False	custom_score	0.1	299	299	0	0	197	0.6588628762541806	0.6588628762541806	0.5111134455149033
primary	168	16	8	False	custom_score	0.1	301	301	0	0	107	0.3554817275747508	0.3554817275747508	-0.3161772713861678
primary	169	16	9	False	custom_score	0.1	312	312	0	0	218	0.6987179487179487	0.6987179487179487	0.628905327810962
primary	170	17	0	False	custom_score	0.1	320	320	0	0	82	0.25625	0.25625	-0.6449659502838072
primary	171	17	1	False	custom_score	0.1	322	322	0	0	88	0.2732919254658385	0.2732919254658385	-0.6154214710872129
primary	172	17	2	False	custom_score	0.1	310	310	0	0	174	0.5612903225806452	0.5612903225806452	0.442038188851253
primary	173	17	3	False	custom_score	0.1	311	311	0	0	146	0.4694533762057878	0.4694533762057878	0.082038066997133
primary	174	17	4	False	custom_score	0.1	322	322	0	0	107	0.3322981366459627	0.3322981366459627	-0.6521803203266527
primary	175	17	5	False	custom_score	0.1	310	310	0	0	210	0.6774193548387096	0.6774193548387096	0.5372235159152439
primary	176	17	6	False	custom_score	0.1	309	309	0	0	159	0.5145631067961165	0.5145631067961165	-0.132990009190154
primary	177	17	7	False	custom_score	0.1	308	308	0	0	208	0.6753246753246753	0.6753246753246753	0.5352684688969375
primary	178	17	8	False	custom_score	0.1	311	311	0	0	175	0.5627009646302251	0.5627009646302251	-0.0566317443593754
primary	179	17	9	False	custom_score	0.1	321	321	0	0	229	0.7133956386292835	0.7133956386292835	0.6803908255193202
primary	180	18	0	False	custom_score	0.1	322	322	0	0	87	0.2701863354037267	0.2701863354037267	-0.5902726658423672
primary	181	18	1	False	custom_score	0.1	324	324	0	0	89	0.2746913580246913	0.2746913580246913	-0.5567352997160345
primary	182	18	2	False	custom_score	0.1	312	312	0	0	201	0.6442307692307693	0.6442307692307693	0.49805120079971
primary	183	18	3	False	custom_score	0.1	313	313	0	0	161	0.5143769968051118	0.5143769968051118	0.1027939036481176
primary	184	18	4	False	custom_score	0.1	324	324	0	0	89	0.2746913580246913	0.2746913580246913	-0.6534916873491371
primary	185	18	5	False	custom_score	0.1	312	312	0	0	212	0.6794871794871795	0.6794871794871795	0.5305145268464896
primary	186	18	6	False	custom_score	0.1	311	311	0	0	147	0.472668810289389	0.472668810289389	-0.2067167479268724
primary	187	18	7	False	custom_score	0.1	310	310	0	0	209	0.6741935483870968	0.6741935483870968	0.5248745547433555
primary	188	18	8	False	custom_score	0.1	313	313	0	0	153	0.4888178913738019	0.4888178913738019	-0.1343146671968001
primary	189	18	9	False	custom_score	0.1	323	323	0	0	248	0.7678018575851393	0.7678018575851393	0.6436251974824098
primary	190	19	0	False	custom_score	0.1	322	322	0	0	78	0.2422360248447205	0.2422360248447205	-0.684588593035627
primary	191	19	1	False	custom_score	0.1	323	323	0	0	82	0.2538699690402476	0.2538699690402476	-0.6776250226349161
primary	192	19	2	False	custom_score	0.1	312	312	0	0	204	0.6538461538461539	0.6538461538461539	0.499172533280915
primary	193	19	3	False	custom_score	0.1	312	312	0	0	146	0.4679487179487179	0.4679487179487179	0.0505565669366939
primary	194	19	4	False	custom_score	0.1	324	324	0	0	82	0.2530864197530864	0.2530864197530864	-0.7085072651349553
primary	195	19	5	False	custom_score	0.1	311	311	0	0	231	0.7427652733118971	0.7427652733118971	0.6443928662827958
primary	196	19	6	False	custom_score	0.1	311	311	0	0	141	0.4533762057877814	0.4533762057877814	-0.157290010869047
primary	197	19	7	False	custom_score	0.1	310	310	0	0	225	0.7258064516129032	0.7258064516129032	0.6103312028686553
primary	198	19	8	False	custom_score	0.1	312	312	0	0	147	0.4711538461538461	0.4711538461538461	-0.1190961380606045
primary	199	19	9	True	custom_score	0.1	323	323	0	0	258	0.7987616099071208	0.7987616099071208	0.7427882976103759
