dataset	sample	label_source	label	n_cells	mean_estimated_contamination	median_estimated_contamination	q25_estimated_contamination	q75_estimated_contamination	q95_estimated_contamination	raw_total	corrected_total	removed_total_fraction
GSE174574	GSM5319987	whole_brain_broad	ABC	17	0.027821032903857897	0.0228050279440806	0.0165964208837113	0.0327648437474248	0.054942133783213845	84696.0	82559.84826236809	0.02522140051043631
GSE174574	GSM5319987	whole_brain_broad	Astrocyte	305	0.131258318204195	0.0763269414776278	0.0608259375043893	0.0918679320326223	0.5087134562085517	978616.0	845511.8612250509	0.13601263291725163
GSE174574	GSM5319987	whole_brain_broad	Astroependymal	7	0.07159068784263369	0.0013209169335673	0.001099418752196	0.00270294362403585	0.34507692867442197	16213.0	15169.310885591301	0.06437359615177318
GSE174574	GSM5319987	whole_brain_broad	Choroid	408	0.06424116095861866	0.04308854575178755	0.03294228077422113	0.06217318313795822	0.1861970150454638	2764391.0	2576946.2278101314	0.0678068956923491
GSE174574	GSM5319987	whole_brain_broad	Dendritic	98	0.09255385901252869	0.05795651884773145	0.04185869883480405	0.10725412894155201	0.23921977714587642	588471.0	538939.0509594468	0.08417058621504403
GSE174574	GSM5319987	whole_brain_broad	Endothelial	4816	0.0740173540935676	0.046606648865668954	0.03840101494802017	0.058465094614081795	0.26143614793340025	11825656.0	10768011.010770803	0.08943647517137288
GSE174574	GSM5319987	whole_brain_broad	Ependymal	31	0.09608439991483189	0.0247361167655667	0.015491326921258899	0.0565386330886029	0.49115930805534247	125100.0	108556.69491264464	0.13224064818029868
GSE174574	GSM5319987	whole_brain_broad	Fibroblast	43	0.2579677890800034	0.13429610123134	0.0919833913980398	0.2638810389950075	0.9484095943724717	149657.0	114163.51082916759	0.23716557976461117
GSE174574	GSM5319987	whole_brain_broad	Hypendymal	2	0.00048048137196455	0.00048048137196455	0.00047026893641982496	0.000490693807509275	0.0004988637559450549	8634.0	8629.86159409073	0.0004793150230797405
GSE174574	GSM5319987	whole_brain_broad	Lymphocyte	25	0.042439015629913986	0.0145024200677363	0.0037203676633537	0.03822922657453	0.20711943656999232	83257.0	77745.03622617527	0.06620420834073681
GSE174574	GSM5319987	whole_brain_broad	Macrophage	240	0.09685739034284205	0.07064137926313904	0.05521184549982153	0.0967204156620452	0.2206529024685671	716940.0	638965.8209409534	0.10875969963880738
GSE174574	GSM5319987	whole_brain_broad	Microglia	2038	0.08177223304261384	0.06893447096321215	0.058506436902782274	0.08311613514730601	0.15007101381824048	5100291.0	4646219.643350089	0.0890285194805377
GSE174574	GSM5319987	whole_brain_broad	Monocytes	50	0.06956272152086396	0.033536008493167055	0.005641215253868424	0.08453815053957256	0.19153443475711712	243448.0	224842.1058639688	0.07642656393164526
GSE174574	GSM5319987	whole_brain_broad	Neuron/Other	18	0.43985137569835125	0.2475358728012855	0.002697618039302625	0.9491850973132375	0.9933519821028542	54684.0	36977.24920027739	0.32380130933586815
GSE174574	GSM5319987	whole_brain_broad	OEC	6	0.0011898189795043167	0.00109025581615855	0.0009699769957738	0.001133545522155775	0.001755669295183975	22122.0	22096.193198532503	0.001166567284490383
GSE174574	GSM5319987	whole_brain_broad	OPC	1	0.00039629148258	0.00039629148258	0.00039629148258	0.00039629148258	0.00039629148258	1733.0	1732.31416034581	0.00039575282988457694
GSE174574	GSM5319987	whole_brain_broad	Oligodendrocyte	189	0.09923413390844195	0.0541291623498793	0.0444744575889296	0.0677133287076512	0.3941846929492502	1068205.0	960935.2334795154	0.10042058080657235
GSE174574	GSM5319987	whole_brain_broad	Pericyte	46	0.07723325508875081	0.02863649717569735	0.018016680573830626	0.0599388017634745	0.38112982388330247	99469.0	88535.01141810497	0.10992358002890379
GSE174574	GSM5319987	whole_brain_broad	Smooth_muscle	391	0.0973896306417263	0.0647439104757837	0.0532866789304242	0.0858272583741845	0.3041542944644765	1330167.0	1189409.9649982108	0.10581907008803348
GSE174574	GSM5319987	whole_brain_broad	Tanycyte	22	0.0835648831772469	0.02840336987054825	0.009170863338111075	0.0641373657880341	0.23704815322138692	82792.0	76328.07382113594	0.0780742846997785
GSE174574	GSM5319987	original_rule	Astrocyte	365	0.11905698454379217	0.0733670827134783	0.0559894953667634	0.0918679320326223	0.47882324048436387	1170918.0	1007444.0214546251	0.1396118076119548
GSE174574	GSM5319987	original_rule	Choroid	432	0.09063828013620613	0.04399066396882675	0.03344613520421258	0.0656199878275941	0.33677928726827766	2747687.0	2523594.195947039	0.08155688914092507
GSE174574	GSM5319987	original_rule	Endothelial	1486	0.04738856308390744	0.0439813143862386	0.036683023833139976	0.0530381584806869	0.07621011921471554	3842028.0	3662129.732276166	0.046823778411774764
GSE174574	GSM5319987	original_rule	Ependymal	62	0.07963096354768544	0.025093692468283947	0.010964209658475376	0.05427042217731585	0.4858065752892317	262974.0	234165.0903448822	0.10955041051631642
GSE174574	GSM5319987	original_rule	Erythroid	11	0.10318183702761004	0.0551347163058926	0.02886317860954065	0.0966737337966247	0.3530501777594215	50395.0	47739.32338860899	0.05269722415698008
GSE174574	GSM5319987	original_rule	Fibroblast	51	0.14473126463268224	0.110538676739656	0.034634575641126195	0.18211165629710901	0.569844137744216	201650.0	173760.45148604654	0.13830671219416546
GSE174574	GSM5319987	original_rule	Lymphocyte	18	0.11440382901575662	0.044987415338968	0.012311793292404501	0.2190823690868615	0.319885419155502	54114.0	46553.872596657035	0.1397074214314773
GSE174574	GSM5319987	original_rule	Microglia	1291	0.09882591175876367	0.0689776593132207	0.058824577804382494	0.08383628868046786	0.380167294082708	3177313.0	2809886.5860656006	0.11564061014272098
GSE174574	GSM5319987	original_rule	Myeloid	390	0.13880188762209175	0.073939048883213	0.0546833849548147	0.11754656278735175	0.5716695360567063	1363247.0	1170704.5030873371	0.1412381592716968
GSE174574	GSM5319987	original_rule	Neuron	4	0.12171634281408687	0.0481870176196662	0.001715299630585675	0.1681880608031674	0.34502641344735735	16333.0	13692.53004714676	0.16166472496499362
GSE174574	GSM5319987	original_rule	Neutrophil	126	0.11528468357551264	0.05421836379775785	0.035046192452366676	0.07960177438062703	0.602774023150958	434409.0	378365.76862266794	0.12901029071067138
GSE174574	GSM5319987	original_rule	OPC	1	0.0759443708351973	0.0759443708351973	0.0759443708351973	0.0759443708351973	0.0759443708351973	3439.0	3177.9589880636	0.075906080818959
GSE174574	GSM5319987	original_rule	Oligodendrocyte	235	0.10118496893947244	0.0550493070831843	0.0448223446658318	0.07079717007621511	0.4092533801412517	1161909.0	1043894.4689905918	0.10156951276684167
GSE174574	GSM5319987	original_rule	Pericyte	110	0.1403310337463762	0.07873267072300616	0.031424185184033296	0.2044819936427645	0.4745015612518353	288589.0	238150.7449356783	0.17477539013725996
GSE174574	GSM5319987	original_rule	Smooth_muscle	370	0.10125945796844216	0.06398368288051275	0.05154599393846537	0.08058100822596408	0.3701224908717692	1308556.0	1154548.0389481666	0.11769306094032916
GSE174574	GSM5319987	original_rule	Unassigned	3801	0.07087225928037005	0.0508257530879898	0.0405686966398252	0.0660930383469651	0.147947486558199	9260981.0	8514466.736727327	0.0806085514345265
GSE174574	GSM5319988	whole_brain_broad	ABC	24	0.08300912299099884	0.00594481310152635	0.002990799885560025	0.0371746308668682	0.4397006585121039	128498.0	115339.46349248594	0.10240265613094413
GSE174574	GSM5319988	whole_brain_broad	Astrocyte	320	0.1337539728904374	0.07392796326424965	0.05708948894706117	0.102662455035614	0.4929059624032694	1058373.0	907334.9547562434	0.1427077648841728
GSE174574	GSM5319988	whole_brain_broad	Choroid	348	0.06797666750095635	0.043612046661116496	0.0295382302599893	0.07264705547493312	0.23997252249635945	2426304.0	2245722.420627695	0.07442660910269483
GSE174574	GSM5319988	whole_brain_broad	Dendritic	106	0.10510499046318064	0.0512748252489323	0.0250613912082523	0.167674396250986	0.325807329248108	722483.0	656742.1367502142	0.09099295519726536
GSE174574	GSM5319988	whole_brain_broad	Endothelial	4743	0.08699331971053492	0.059430850689212	0.048972573056319246	0.0736264307438403	0.27274532618696407	11908618.0	10705120.956873	0.10106101674661161
GSE174574	GSM5319988	whole_brain_broad	Ependymal	35	0.1425054870100529	0.0238809017159822	0.00623215579189035	0.247957367691218	0.5526144143234311	153151.0	123024.39046575552	0.19671180426013857
GSE174574	GSM5319988	whole_brain_broad	Fibroblast	48	0.12073403681554491	0.0264613524299203	0.009200946602172575	0.08202415199325852	0.5896604549977299	190067.0	161940.93538212546	0.1479797367132355
GSE174574	GSM5319988	whole_brain_broad	Hypendymal	4	0.0008673697489622249	0.0009068813701307999	0.0007731166066341	0.001001134512458925	0.001060059434489625	16214.0	16200.28609378004	0.0008458064771160734
GSE174574	GSM5319988	whole_brain_broad	Lymphocyte	36	0.0343624966029428	0.0164863649829925	0.00425884087695375	0.0413548422757749	0.13443822547213802	121318.0	118681.36991740167	0.021733214218816133
GSE174574	GSM5319988	whole_brain_broad	Macrophage	277	0.09062004218023956	0.0618914031357691	0.0437360491758221	0.100286526931127	0.25167251579557665	810899.0	725716.8774647277	0.10504652556640504
GSE174574	GSM5319988	whole_brain_broad	Microglia	1865	0.087553884690293	0.0755797182568842	0.0624647656175722	0.0937070593240091	0.15163940855178498	4754486.0	4312780.879263827	0.09290281236208775
GSE174574	GSM5319988	whole_brain_broad	Monocytes	41	0.04982802668651164	0.0083419953240405	0.0017980111636975	0.0759597905981557	0.196037038221009	159251.0	151031.40285771305	0.05161410064795169
GSE174574	GSM5319988	whole_brain_broad	Neuron/Other	24	0.3974393197307839	0.3513584730142505	0.006304214513690275	0.6752369109932774	0.9582307365942252	66097.0	44471.740242410146	0.327174603349469
GSE174574	GSM5319988	whole_brain_broad	OEC	7	0.003979084572490971	0.0012555907316136	0.00076284340248585	0.00424546701584805	0.012668908540878833	25260.0	25146.772747132043	0.004482472401740156
GSE174574	GSM5319988	whole_brain_broad	Oligodendrocyte	177	0.09166327996930242	0.0432300682461238	0.0335604675401297	0.0601122869882629	0.37682720955580584	1041207.0	945341.8197674733	0.09207120220333398
GSE174574	GSM5319988	whole_brain_broad	Pericyte	52	0.08388451955636061	0.0108877010859363	0.00555100778603425	0.0394168287717288	0.3950147306184881	103362.0	93573.3956170557	0.09470215730098386
GSE174574	GSM5319988	whole_brain_broad	Smooth_muscle	383	0.08959172690184508	0.0641558855003582	0.045662869672526	0.0869061413793209	0.26958758067532973	1310176.0	1191807.2336147034	0.09034569888724608
GSE174574	GSM5319988	whole_brain_broad	Tanycyte	22	0.05605090058205538	0.0042694746890102	0.003184282283687675	0.01562514637479295	0.23647159438421894	86624.0	81776.59121805709	0.05595918893081486
GSE174574	GSM5319988	original_rule	Astrocyte	370	0.10972586135913037	0.07045248655651755	0.053731581891738475	0.09732102447189037	0.3985729104137007	1195590.0	1050502.576544489	0.12135215538396193
GSE174574	GSM5319988	original_rule	Choroid	425	0.11358735969833474	0.0518090207467091	0.0330826012812697	0.0854115489753361	0.6651219865876854	2593599.0	2323482.2209456232	0.10414747193161966
GSE174574	GSM5319988	original_rule	Endothelial	1360	0.05976448395625566	0.05577026035843245	0.04589471156930178	0.06748673661548617	0.09151414374299681	3735945.0	3518392.9055938525	0.058232145924564604
GSE174574	GSM5319988	original_rule	Ependymal	59	0.11923224913877563	0.024428767106997	0.0045861532110167	0.0997618702491943	0.510335721200148	246183.0	209933.16128733076	0.14724753014086778
GSE174574	GSM5319988	original_rule	Erythroid	16	0.11042658245183723	0.055759889667401454	0.034378240346966675	0.06799300733914874	0.3264958017255855	49032.0	40058.250922016014	0.18301821418632702
GSE174574	GSM5319988	original_rule	Fibroblast	69	0.0775530283171999	0.0155417389358347	0.0053611860129992	0.076804973078193	0.38697089554856107	298435.0	270496.30967034225	0.09361733821320473
GSE174574	GSM5319988	original_rule	Lymphocyte	27	0.08031200549644198	0.0143490063361347	0.004875089229601949	0.08437206302707645	0.3465474011495371	92213.0	85597.73622639645	0.07173894975332717
GSE174574	GSM5319988	original_rule	Microglia	1275	0.12226308178573247	0.0764805048088147	0.06251846828894565	0.09857992111529895	0.5041776247501731	3288298.0	2813568.6457887497	0.14436932243101153
GSE174574	GSM5319988	original_rule	Myeloid	403	0.13486323747913595	0.0715233929209849	0.0463668444515383	0.1263387932543705	0.500492643098737	1425226.0	1225683.2751315269	0.14000777762156535
GSE174574	GSM5319988	original_rule	Neuron	2	0.09026480697890255	0.09026480697890255	0.04729975422639683	0.13322985973140827	0.16760190193341284	7905.0	6821.36700172685	0.13708197321608484
GSE174574	GSM5319988	original_rule	Neutrophil	110	0.08462521961681069	0.061758602319445396	0.035391583718918	0.0873220500090477	0.20218711368593084	327611.0	297218.91124178283	0.09276882875793901
GSE174574	GSM5319988	original_rule	OPC	1	0.114045531597961	0.114045531597961	0.114045531597961	0.114045531597961	0.114045531597961	2020.0	1789.72167942624	0.11399916860087134
GSE174574	GSM5319988	original_rule	Oligodendrocyte	234	0.07452060671139042	0.04784767619349075	0.0359930782484015	0.06989466523319973	0.2901777020746744	1168982.0	1072870.4994995994	0.08221811841448423
GSE174574	GSM5319988	original_rule	Pericyte	115	0.11871734452496052	0.072657913205439	0.014129398565611549	0.1762854037469125	0.3828064308715941	310174.0	268545.9376868237	0.13420874190994825
GSE174574	GSM5319988	original_rule	Smooth_muscle	374	0.09580335204162645	0.0614045825479008	0.04476442907062508	0.08157111523550027	0.3809879762587294	1297061.0	1157809.2949217039	0.10735941106724833
GSE174574	GSM5319988	original_rule	Unassigned	3672	0.0781922822648557	0.0615756836446169	0.050496123714778275	0.07768108248154312	0.13941574211789032	9044114.0	8278982.8130104095	0.08459990519685956
GSE174574	GSM5319989	whole_brain_broad	ABC	18	0.054025542473912315	0.0063442442021370005	0.003302723156347625	0.02253638437356685	0.23022908539266806	93406.0	87363.49017029838	0.06469081033018886
GSE174574	GSM5319989	whole_brain_broad	Astrocyte	382	0.13552487282816372	0.08019836472477951	0.06482018447977975	0.101141231341902	0.4689658642196546	1328895.0	1132683.866918128	0.14764983921368657
GSE174574	GSM5319989	whole_brain_broad	Astroependymal	5	0.0013463419397888002	0.0012958505900446	0.0010642837810237	0.0014675552054595	0.0018152583269424598	12192.0	12175.89782924357	0.001320716105350228
GSE174574	GSM5319989	whole_brain_broad	Choroid	393	0.06801310867103112	0.046203708226733	0.0327847554360024	0.0687512802818174	0.21882393725608607	2753017.0	2560360.812211183	0.06998002111458701
GSE174574	GSM5319989	whole_brain_broad	Dendritic	130	0.11098069060363952	0.07307392128599066	0.04671023599602675	0.11790434973098775	0.303700330418045	796296.0	716628.004161845	0.10004821804725261
GSE174574	GSM5319989	whole_brain_broad	Endothelial	5474	0.08767937325925135	0.06129912985373185	0.051069778149532626	0.07565986928485674	0.27462580682486465	13979396.0	12548392.940111013	0.10236515654102563
GSE174574	GSM5319989	whole_brain_broad	Ependymal	55	0.11318957526305941	0.0432174121455485	0.023114444612743798	0.078957665894328	0.5477351818259552	224319.0	194271.72692524415	0.13394885442051652
GSE174574	GSM5319989	whole_brain_broad	Fibroblast	87	0.19422791428069433	0.0673282488767136	0.0330127124390269	0.23141921957543	0.95457548938707	316948.0	258978.36339102942	0.1828995185613116
GSE174574	GSM5319989	whole_brain_broad	Hypendymal	3	0.0007469934113875667	0.0006987551075616	0.000636827356272	0.00083304031459015	0.0009404684802129899	14502.0	14491.30693159027	0.0007373512901481805
GSE174574	GSM5319989	whole_brain_broad	Lymphocyte	42	0.04754806765742777	0.0250410902716664	0.00686257785623095	0.0689397501907291	0.1486943218857956	123021.0	118571.62137957952	0.036167634960051376
GSE174574	GSM5319989	whole_brain_broad	Macrophage	316	0.10534495103907933	0.07675052812767755	0.0566005679734462	0.10603975169870325	0.3060871025964215	928871.0	813540.4592836373	0.12416206417937758
GSE174574	GSM5319989	whole_brain_broad	Microglia	2236	0.09563566839902463	0.08499199828799531	0.07212898460567566	0.10214394194951874	0.14849937778595576	5823883.0	5235780.868068498	0.10098110348911582
GSE174574	GSM5319989	whole_brain_broad	Monocytes	44	0.14721414850515815	0.03552110083614325	0.004013419841031125	0.173839216309689	0.7053374851051023	152233.0	130794.63915185648	0.14082597628729332
GSE174574	GSM5319989	whole_brain_broad	Neuron/Other	21	0.6264862157842545	0.894633244124522	0.131672215606971	0.99401936198511	0.996588741591751	73871.0	26682.226594678523	0.6387997103778408
GSE174574	GSM5319989	whole_brain_broad	OEC	10	0.02384583103272709	0.00210970545158685	0.000959647120215825	0.01589161731312535	0.10934170686402757	40808.0	39492.46796654737	0.03223711119027228
GSE174574	GSM5319989	whole_brain_broad	Oligodendrocyte	184	0.09945140885410235	0.05515512724814725	0.04306495708534292	0.06998688888055628	0.3805552559054987	1119906.0	991002.7915482621	0.11510181073388115
GSE174574	GSM5319989	whole_brain_broad	Pericyte	57	0.043436400583584805	0.0155665267824915	0.0077137118367823	0.0596369027305905	0.16266229476819835	116090.0	110860.14951723031	0.045049965395552505
GSE174574	GSM5319989	whole_brain_broad	Smooth_muscle	478	0.1124122250847316	0.07935806026125619	0.06363972171676599	0.10533801115865425	0.36390328353193696	1740834.0	1531367.173599239	0.12032556027786745
GSE174574	GSM5319989	whole_brain_broad	Tanycyte	16	0.04251459821222804	0.00428723692589865	0.002682584743273375	0.0334213274319394	0.15458193987946753	65479.0	62273.838889932835	0.04894945112275939
GSE174574	GSM5319989	original_rule	Astrocyte	463	0.1271083247195603	0.0795460388319499	0.06382824154448119	0.10230400603884349	0.4644242721422669	1592073.0	1348612.3894230998	0.15292050714816485
GSE174574	GSM5319989	original_rule	Choroid	466	0.10751463896785483	0.051609095047034	0.035498883113565076	0.0787707115638291	0.5622768089264752	2915933.0	2634323.7223112574	0.09657604536480868
GSE174574	GSM5319989	original_rule	Endothelial	1667	0.06205383596664887	0.0581711738760992	0.0490688875429305	0.069798056185602	0.09344362253977863	4548588.0	4273701.297994349	0.060433414062924795
GSE174574	GSM5319989	original_rule	Ependymal	86	0.10137492613070413	0.0405785986853357	0.018314241872947102	0.07700844710474719	0.5223004585741907	362552.0	319480.67294403684	0.11880041223317805
GSE174574	GSM5319989	original_rule	Erythroid	7	0.31797176245008174	0.218798920980832	0.061084822314228446	0.5444229078784091	0.7230734777088845	33637.0	22882.40901793469	0.3197250343985881
GSE174574	GSM5319989	original_rule	Fibroblast	100	0.1286784216267624	0.05541416944879605	0.02831454877673045	0.134522893939755	0.5595684837688053	391941.0	337202.5670470846	0.1396598798107761
GSE174574	GSM5319989	original_rule	Lymphocyte	30	0.06558935868521887	0.03415383675216385	0.0071600135897988745	0.09128907806583206	0.2430702801862179	86767.0	81515.46707788965	0.06052454184321632
GSE174574	GSM5319989	original_rule	Microglia	1432	0.12100736343927344	0.0855032492088242	0.07232324602308032	0.10399579081835075	0.4625158348981252	3740797.0	3221218.237637907	0.13889520397981847
GSE174574	GSM5319989	original_rule	Myeloid	465	0.1332364553264576	0.0867550569634236	0.0623840578633989	0.127066029042467	0.48853848956426993	1582207.0	1358302.2373345688	0.14151420305018958
GSE174574	GSM5319989	original_rule	Neutrophil	125	0.12040318785201032	0.0687002827081566	0.0463917984996672	0.0952631274704834	0.5664965682475814	398114.0	350313.168412022	0.12006820053546974
GSE174574	GSM5319989	original_rule	OPC	1	0.0010303565821272	0.0010303565821272	0.0010303565821272	0.0010303565821272	0.0010303565821272	3423.0	3419.47633995674	0.0010294069656032745
GSE174574	GSM5319989	original_rule	Oligodendrocyte	252	0.0939612652293105	0.058869886295163	0.04553818027410815	0.07707528308078933	0.3616072130589435	1266892.0	1130547.2701458638	0.10762143091450271
GSE174574	GSM5319989	original_rule	Pericyte	139	0.1517613111595142	0.0996114172491055	0.03702872648182705	0.202770545932755	0.43350959612816864	409552.0	332556.3575427249	0.18799967392974548
GSE174574	GSM5319989	original_rule	Smooth_muscle	461	0.1184111202379671	0.0773065421760659	0.0626570193934026	0.0998883271648543	0.410449916521772	1737489.0	1498478.535294778	0.13756085057529688
GSE174574	GSM5319989	original_rule	Unassigned	4257	0.08300460375329327	0.0650072597325333	0.053010490442567	0.081853761625296	0.14215817081928728	10634002.0	9673158.836125566	0.09035574413794867
GSE174574	GSM5319990	whole_brain_broad	ABC	21	0.09014186238738318	0.0027417834277048	0.0014699337838253	0.0487485431861375	0.377336466622956	112449.0	104293.8975194717	0.07252267677372226
GSE174574	GSM5319990	whole_brain_broad	Astrocyte	849	0.27511533890104267	0.100048764474729	0.0650784274810809	0.353616122482629	0.994505194440771	3094492.0	2263240.9290835876	0.268622788786144
GSE174574	GSM5319990	whole_brain_broad	Astroependymal	16	0.2935311889345703	0.045392059243426396	0.00149926046077375	0.4978395126978883	0.997482759506682	48388.0	35333.14286763857	0.26979534455570453
GSE174574	GSM5319990	whole_brain_broad	Choroid	675	0.11511538056153625	0.0686355091084543	0.0460787037806588	0.1352096732762155	0.3354057220410948	3576962.0	3127425.222467945	0.12567558099081144
GSE174574	GSM5319990	whole_brain_broad	Dendritic	1062	0.14093459607764053	0.08081900591594605	0.048940393724348226	0.17562614405316773	0.44757355432712415	6049305.0	5155681.817205603	0.14772328107020505
GSE174574	GSM5319990	whole_brain_broad	Endothelial	5122	0.12454064805037644	0.06722639486358234	0.05155889221037465	0.09461671325961854	0.5463772580461586	14714825.0	12653235.978162257	0.14010285693766278
GSE174574	GSM5319990	whole_brain_broad	Ependymal	52	0.10917480836266993	0.05684643353503365	0.0304534214811731	0.14962289995411573	0.3580816037925196	252435.0	221549.62235619337	0.12234982329632038
GSE174574	GSM5319990	whole_brain_broad	Fibroblast	128	0.3278130526529842	0.204278543708788	0.101305121271119	0.395029514167155	0.9980725798773173	449289.0	308681.1651887631	0.3129563261313695
GSE174574	GSM5319990	whole_brain_broad	Hypendymal	1	0.000168297754229	0.000168297754229	0.000168297754229	0.000168297754229	0.000168297754229	6521.0	6519.90298748966	0.00016822765071922152
GSE174574	GSM5319990	whole_brain_broad	Lymphocyte	96	0.1041212054109278	0.0790314107050755	0.022728657620208453	0.137222486828959	0.2885456259897055	321212.0	288341.1263225437	0.10233389063128495
GSE174574	GSM5319990	whole_brain_broad	Macrophage	352	0.12457456931000448	0.0841270696456808	0.0619009321121765	0.1289204367868195	0.3927032487336739	1274628.0	1104487.7181741185	0.13348230371989434
GSE174574	GSM5319990	whole_brain_broad	Microglia	1867	0.11023359318709197	0.0815840803996085	0.06334601445607385	0.10954108127998	0.294530861184209	7478930.0	6654286.020563558	0.11026229412983435
GSE174574	GSM5319990	whole_brain_broad	Monocytes	146	0.2025325537904438	0.09048099598977205	0.016849882300667328	0.25740142224541174	0.7579035377895628	322514.0	246085.20262371743	0.23697823156911813
GSE174574	GSM5319990	whole_brain_broad	Neuron/Other	175	0.443708466807188	0.295195992991763	0.06119607022602345	0.9807057876353464	0.9978306285406457	545144.0	310311.740887112	0.43077106069751847
GSE174574	GSM5319990	whole_brain_broad	OEC	10	0.06724915006978294	0.00106587631572785	0.0008436085720347	0.0020647409310727	0.3647703478347945	31439.0	28603.4473838937	0.09019220128204775
GSE174574	GSM5319990	whole_brain_broad	Oligodendrocyte	381	0.15133504828659297	0.0767918095642743	0.0544410673111491	0.155083329410653	0.500024650981351	1974524.0	1656128.823161419	0.16125161144588818
GSE174574	GSM5319990	whole_brain_broad	Pericyte	191	0.16274021186802148	0.0868471273229526	0.05787504587712445	0.1776722378266005	0.5801748245613355	442308.0	357896.1195220774	0.19084411875417717
GSE174574	GSM5319990	whole_brain_broad	Smooth_muscle	560	0.12765770588921269	0.0821475679931988	0.05601884221758738	0.132638537278802	0.3811986024569083	1920473.0	1652149.913965945	0.1397171873981332
GSE174574	GSM5319990	whole_brain_broad	Tanycyte	13	0.28876426693743473	0.001504563733291	0.0009544606874197	0.804377470945466	0.9872998383215992	57939.0	46623.44995608296	0.19530109328633638
GSE174574	GSM5319990	original_rule	Astrocyte	784	0.1656138581783615	0.08646972544250525	0.05935372353641327	0.18321327083735	0.5858171035016632	2934723.0	2391806.2231042013	0.1849976222273103
GSE174574	GSM5319990	original_rule	Choroid	709	0.19493781757090764	0.072479685799212	0.0475415883683592	0.170757720001275	0.991603697681364	3635095.0	2980716.7739007263	0.1800168155438231
GSE174574	GSM5319990	original_rule	Endothelial	1961	0.07035445485682727	0.0609018216101393	0.0474972751218127	0.0784950514113181	0.126724511611282	6005268.0	5578362.808756299	0.07108844954857985
GSE174574	GSM5319990	original_rule	Ependymal	80	0.17560559125160285	0.0757534671357804	0.0317940321782702	0.2235937814544735	0.7214473531798877	351895.0	290694.4568619572	0.17391705803732016
GSE174574	GSM5319990	original_rule	Erythroid	113	0.19433728236377423	0.0774256824752752	0.049047331831231	0.145624798068856	0.9831406514764885	377846.0	296523.371328497	0.21522691432886143
GSE174574	GSM5319990	original_rule	Fibroblast	119	0.20994739825389758	0.143816925561567	0.0847584918597899	0.24555984952968202	0.7688148891619754	479598.0	371159.8921337031	0.22610208521782182
GSE174574	GSM5319990	original_rule	Lymphocyte	70	0.14943199448727698	0.08755539242014465	0.0310673648957313	0.19444243224429225	0.45187767288152497	252781.0	223295.4209803768	0.11664475977080235
GSE174574	GSM5319990	original_rule	Microglia	1147	0.1502496401556956	0.0858148981740194	0.0656162522927973	0.1303470678455865	0.5453924110364602	4169493.0	3508597.1478353953	0.1585074857217903
GSE174574	GSM5319990	original_rule	Myeloid	1340	0.15991297540777988	0.07840523971221311	0.05316923064944193	0.1358194317001945	0.9442529561695001	6264344.0	5383836.360533917	0.14055863462576168
GSE174574	GSM5319990	original_rule	Neuron	6	0.38606031484991354	0.2969101135563855	0.2894824584296315	0.3475028500683738	0.6962563738713402	23563.0	15067.888582467442	0.36052758212165503
GSE174574	GSM5319990	original_rule	Neutrophil	257	0.24439861258139536	0.122684410042174	0.0474220881523889	0.392110940429107	0.8110066272442148	731538.0	536382.580742323	0.2667741378543248
GSE174574	GSM5319990	original_rule	OPC	9	0.31833424998012766	0.205172885542858	0.086860721309574	0.392343482925054	0.8271017026573477	39012.0	25498.530043143022	0.346392647309981
GSE174574	GSM5319990	original_rule	Oligodendrocyte	440	0.14165159823393197	0.07679624084491725	0.05486336180930325	0.15581401851022375	0.48746563205287935	2124420.0	1790249.1376135414	0.15729981001236037
GSE174574	GSM5319990	original_rule	Pericyte	336	0.2085998414747707	0.1311322494408525	0.07253089070667608	0.26365157697723823	0.6715082135909964	974456.0	738163.5046079617	0.24248657239735627
GSE174574	GSM5319990	original_rule	Smooth_muscle	565	0.17299321341349072	0.0847585110456256	0.0565743665269139	0.160385812982142	0.7467196858559404	2011774.0	1605498.666971016	0.20194879396442345
GSE174574	GSM5319990	original_rule	Unassigned	3781	0.13815422067239402	0.0733181406268669	0.0551464611753847	0.110189519519523	0.59467922510701	12297971.0	10485022.476403888	0.147418506971281
GSE174574	GSM5319991	whole_brain_broad	ABC	20	0.09463084402418223	0.0068408179714321005	0.00227906047958695	0.0219837773858355	0.47580270377146516	96311.0	85384.7061419347	0.11344803665277381
GSE174574	GSM5319991	whole_brain_broad	Astrocyte	818	0.28730415629985673	0.1070968807592605	0.06794503023342145	0.39859647717261876	0.9936316129464947	2882899.0	2046246.2099516816	0.2902123140797921
GSE174574	GSM5319991	whole_brain_broad	Astroependymal	21	0.5129452807829784	0.677357258708752	0.0022953751406443	0.993618085010279	0.996483778125874	70841.0	40480.39039191339	0.4285739841064724
GSE174574	GSM5319991	whole_brain_broad	Choroid	619	0.115420888274525	0.0718406259401706	0.0500819325996326	0.12676344049390847	0.35038012109930977	3283937.0	2884514.5195542704	0.12162915441000532
GSE174574	GSM5319991	whole_brain_broad	Dendritic	1029	0.14566903224706143	0.0860456187102015	0.0565000410030646	0.188799049277006	0.41176942466424615	5802678.0	4901470.305333529	0.155308927130968
GSE174574	GSM5319991	whole_brain_broad	Endothelial	4978	0.1239427827420513	0.0701647434999501	0.05472449926088365	0.09671849139473973	0.5195538534825618	13854391.0	11893721.808958154	0.14151969516681362
GSE174574	GSM5319991	whole_brain_broad	Ependymal	43	0.08950874344726932	0.0341838190908781	0.024605846421060652	0.0871475790664978	0.31262885777478494	205469.0	184190.5082825134	0.10356059414065677
GSE174574	GSM5319991	whole_brain_broad	Fibroblast	114	0.5651613068417537	0.5224513850813525	0.26739358951442727	0.8923080184158273	0.9989246819364397	391353.0	178524.31979138902	0.5438279001530868
GSE174574	GSM5319991	whole_brain_broad	Lymphocyte	105	0.12312092378457291	0.0854819119410528	0.0457588462716677	0.167063255920149	0.319517689411311	314069.0	278197.50298019475	0.11421533809387507
GSE174574	GSM5319991	whole_brain_broad	Macrophage	335	0.12736560171936404	0.0926088297464831	0.07146013898966741	0.13683573171416052	0.3672282343281554	1304491.0	1124668.1079962905	0.13784908596817413
GSE174574	GSM5319991	whole_brain_broad	Microglia	1843	0.11882967141677742	0.0888365146992701	0.0717670455483544	0.116588693533944	0.3264563339923389	7136451.0	6270525.516939584	0.12133839117797007
GSE174574	GSM5319991	whole_brain_broad	Monocytes	150	0.18879097374185885	0.08560183262042045	0.01517104709495735	0.23111947024526275	0.7652598407944193	314951.0	241978.40016890067	0.23169508854107257
GSE174574	GSM5319991	whole_brain_broad	Neuron/Other	162	0.43297471675383864	0.2363664849028295	0.0674877054887656	0.909950611857029	0.9981032275136137	504837.0	293903.92729757016	0.4178241149171512
GSE174574	GSM5319991	whole_brain_broad	OEC	9	0.0013927993630366779	0.0010848119590721	0.0008854000588336	0.0018373589447488	0.00240991630583794	18788.0	18762.695658781122	0.0013468352788417182
GSE174574	GSM5319991	whole_brain_broad	OPC	1	0.0002495728413219	0.0002495728413219	0.0002495728413219	0.0002495728413219	0.0002495728413219	2408.0	2407.39944824697	0.00024939856853400943
GSE174574	GSM5319991	whole_brain_broad	Oligodendrocyte	354	0.1767687482741887	0.07960330575418105	0.05731734779614625	0.169912063790698	0.654949808465629	1845806.0	1506752.890482516	0.18368837760711798
GSE174574	GSM5319991	whole_brain_broad	Pericyte	190	0.20022993961675858	0.12920599741545602	0.08234070541756502	0.247268654499837	0.6550430609465782	429041.0	332916.22290238074	0.22404566719175845
GSE174574	GSM5319991	whole_brain_broad	Smooth_muscle	515	0.13219954609068282	0.0857542111123922	0.0629213661119556	0.1281094015401105	0.3806688547849402	1659325.0	1424398.3870550005	0.14157962601961604
GSE174574	GSM5319991	whole_brain_broad	Tanycyte	14	0.2451726919307002	0.0043087750737769	0.0014068578248996	0.23671575025529173	0.9922463313475975	59837.0	43503.835742357325	0.2729609482033303
GSE174574	GSM5319991	original_rule	Astrocyte	746	0.17777693320556542	0.0932606804021982	0.06462930105441675	0.2096777603587835	0.6106301350278415	2788916.0	2193294.3063054723	0.21356745548970557
GSE174574	GSM5319991	original_rule	Choroid	677	0.221275902947262	0.0817113100619075	0.0522626073938451	0.212512512792768	0.9948439866950384	3319971.0	2712816.3858939013	0.1828794932564467
GSE174574	GSM5319991	original_rule	Endothelial	1843	0.07388250510465007	0.0638602791386018	0.050923453568747404	0.0803713319450389	0.12657848231856705	5448774.0	5045094.625619255	0.07408627599176343
GSE174574	GSM5319991	original_rule	Ependymal	85	0.15372445312617056	0.0679760354242935	0.0299813384006957	0.146661689473422	0.8232191110505447	366355.0	313684.4860488681	0.1437690599313013
GSE174574	GSM5319991	original_rule	Erythroid	117	0.2663663523411424	0.0893687731332179	0.0683585751174555	0.388992439706492	0.9987890071760936	424914.0	279349.69490306353	0.34257356805597483
GSE174574	GSM5319991	original_rule	Fibroblast	91	0.3328018369026524	0.278304441004682	0.1801910069554315	0.4795405246252385	0.8442288301156216	362063.0	237983.59464534323	0.3427011469127107
GSE174574	GSM5319991	original_rule	Lymphocyte	53	0.1640115145736235	0.0884538083432311	0.0323669076823269	0.16769680031833	0.7137351100934006	184540.0	156570.18559768458	0.15156505040812518
GSE174574	GSM5319991	original_rule	Microglia	1226	0.14850725728192676	0.0908806505904487	0.07352789026105325	0.12375201152089049	0.4983240913733405	4283244.0	3609076.506250931	0.157396471867834
GSE174574	GSM5319991	original_rule	Myeloid	1288	0.17679677260899473	0.0899785680318697	0.060269298396517575	0.153708706398244	0.9288450857839792	6178360.0	5224899.096961193	0.1543226524577408
GSE174574	GSM5319991	original_rule	Neuron	6	0.4963609535555249	0.5114583312500315	0.2653601371312765	0.7456345379237872	0.7675920730330583	17035.0	8435.284850614898	0.5048262488632287
GSE174574	GSM5319991	original_rule	Neutrophil	255	0.23397700832731835	0.107443258570722	0.0486001044182996	0.36992799440832147	0.9317041891741957	667414.0	500192.5686308977	0.2505512790698162
GSE174574	GSM5319991	original_rule	OPC	10	0.3420389261070486	0.293461005726922	0.1453286394373845	0.48845612012054973	0.7588933740391747	39669.0	23542.858140074557	0.40651747863383103
GSE174574	GSM5319991	original_rule	Oligodendrocyte	403	0.16410823029694563	0.0811676515642366	0.05805214432429075	0.17527468871888552	0.5501381159947362	2002071.0	1638643.0895647923	0.1815259850600741
GSE174574	GSM5319991	original_rule	Pericyte	308	0.221571652391059	0.14218667898001203	0.08516704758784402	0.27340130432696497	0.7219051417890782	832553.0	619320.3638175237	0.2561189932442455
GSE174574	GSM5319991	original_rule	Smooth_muscle	536	0.17234845963568515	0.0885737021603594	0.06393900578471877	0.15510321823498424	0.6832336574096862	1842652.0	1470440.1845239878	0.20199788971331112
GSE174574	GSM5319991	original_rule	Unassigned	3676	0.13468012079978944	0.0752572416925943	0.05779789392654393	0.11278372250305126	0.5243139457477772	11419352.0	9719204.423323605	0.14888301688890881
GSE174574	GSM5319992	whole_brain_broad	ABC	12	0.12130954837601216	0.00238967993791435	0.00069794690164915	0.00682860226617425	0.6905941625884627	97826.0	87267.02187249232	0.10793631680236015
GSE174574	GSM5319992	whole_brain_broad	Astrocyte	564	0.2308229800419349	0.068752413517332	0.0334666974432086	0.30299768323055676	0.9936196847919789	2452417.0	1891308.030434105	0.22879835263166703
GSE174574	GSM5319992	whole_brain_broad	Astroependymal	7	0.14294446138010475	0.0007029263333218	0.0006030680936361501	0.00208034172222795	0.6967543526619551	26568.0	24424.500574095655	0.080679743522446
GSE174574	GSM5319992	whole_brain_broad	Choroid	515	0.09503560037988125	0.0523296623384666	0.0309155373390099	0.103191568324931	0.34027199435824085	3087495.0	2758976.3306185147	0.1064029802093559
GSE174574	GSM5319992	whole_brain_broad	Dendritic	760	0.1214745793874455	0.06182639255477135	0.03249482972618543	0.156692127552617	0.3966924778684439	5023446.0	4385211.720283065	0.12705108798162357
GSE174574	GSM5319992	whole_brain_broad	Endothelial	3381	0.11654417834756754	0.0637319137421972	0.0493358125919293	0.0888210406319196	0.530213442169867	11292255.0	9807557.370096682	0.131479286458136
GSE174574	GSM5319992	whole_brain_broad	Ependymal	36	0.05489697562346922	0.01325356387890325	0.003088250021674375	0.055166196142700324	0.20595272851183477	185502.0	176670.84896131314	0.04760676994688395
GSE174574	GSM5319992	whole_brain_broad	Fibroblast	77	0.20357346227704465	0.104926771833596	0.0557579820708041	0.195890852303375	0.7972360010673559	342381.0	272341.2694045643	0.20456663949061338
GSE174574	GSM5319992	whole_brain_broad	Hypendymal	2	0.0002608602142963	0.0002608602142963	0.00025398135219725	0.00026773907639534997	0.00027324216607459	10938.0	10935.13870899348	0.00026159179068574456
GSE174574	GSM5319992	whole_brain_broad	Lymphocyte	69	0.1382293853089036	0.0494019423499678	0.0095999516384439	0.11579822807578	0.7074852104796597	257759.0	224260.94929691133	0.12995880145053584
GSE174574	GSM5319992	whole_brain_broad	Macrophage	236	0.08170038483746413	0.03707420781660275	0.017960240948374374	0.07838166430221796	0.35441970833617326	1076570.0	980385.7159181818	0.0893432699051786
GSE174574	GSM5319992	whole_brain_broad	Microglia	1378	0.08745406773751012	0.0616146026445843	0.047016798335227324	0.08479069511025329	0.22573412186603029	6490673.0	5901532.440547878	0.09076725317268675
GSE174574	GSM5319992	whole_brain_broad	Monocytes	130	0.17272883318741802	0.08148028713242	0.010582112900689625	0.2539360391617563	0.6115247693440948	311226.0	252700.68246677623	0.18804764876078406
GSE174574	GSM5319992	whole_brain_broad	Neuron/Other	109	0.4201750766766609	0.288250170010215	0.0170329008884708	0.848935246535711	0.9973510826899428	367702.0	217940.4336134252	0.4072905950649569
GSE174574	GSM5319992	whole_brain_broad	OEC	8	0.000848714139286475	0.00079597170109515	0.0005831540795645999	0.001153128206743525	0.00123329973991864	27511.0	27488.990205570182	0.0008000361466256045
GSE174574	GSM5319992	whole_brain_broad	Oligodendrocyte	273	0.11567944620374004	0.0350817765478781	0.0166334824216476	0.0800459190526364	0.5739744125453563	1565134.0	1351133.714925176	0.1367296890073464
GSE174574	GSM5319992	whole_brain_broad	Pericyte	138	0.09628776933528456	0.029560096582531302	0.0099149471947102	0.1066611884496485	0.3827298966330821	384571.0	335833.9711452959	0.12673089976806395
GSE174574	GSM5319992	whole_brain_broad	Smooth_muscle	376	0.09256819440881121	0.059124906380074255	0.04132847439135398	0.0957839578991949	0.27203298400027953	1454604.0	1305048.9898521665	0.10281493117565565
GSE174574	GSM5319992	whole_brain_broad	Tanycyte	9	0.2607403123443138	0.0009782944884668	0.0007494348255589	0.360490002279343	0.9912361076691524	38827.0	30388.10475919579	0.21734605405527618
GSE174574	GSM5319992	original_rule	Astrocyte	514	0.1436082697359805	0.057544133189578545	0.0319335326894281	0.1651300565703795	0.5919807996786777	2327745.0	1934284.045177404	0.1690309526269398
GSE174574	GSM5319992	original_rule	Choroid	540	0.16406975568718796	0.05842443403418145	0.03298841278087282	0.14272743660145398	0.9085125397833178	3215014.0	2709546.8179086745	0.15722083390346842
GSE174574	GSM5319992	original_rule	Endothelial	1552	0.06848153208358515	0.058097031400159704	0.04653072266250378	0.07438857149583623	0.12203897269489367	5550504.0	5151247.76525444	0.07193152815412085
GSE174574	GSM5319992	original_rule	Ependymal	59	0.10055813168188994	0.0285571096875365	0.005506306108347301	0.07711136132970464	0.5383443026517649	299335.0	272959.40347901103	0.08811397437983859
GSE174574	GSM5319992	original_rule	Erythroid	94	0.17730379845582447	0.0823644093556335	0.04713229987051435	0.15356163159823777	0.9552655848250947	390974.0	305995.5174155069	0.21735072558403656
GSE174574	GSM5319992	original_rule	Fibroblast	66	0.12945965298199755	0.07476514444368335	0.0367110941897447	0.15613770088515674	0.48724621487453124	346872.0	298361.4247900569	0.1398515164381764
GSE174574	GSM5319992	original_rule	Lymphocyte	37	0.1284798259151101	0.0805292029032931	0.0074463658445274	0.159349683718042	0.41205548888734284	151954.0	133277.2836941776	0.1229103301382155
GSE174574	GSM5319992	original_rule	Microglia	862	0.11355730017786982	0.06450524301816696	0.04955419325182685	0.09088606172949812	0.48658764444708236	3571675.0	3139191.2459221445	0.1210870961321664
GSE174574	GSM5319992	original_rule	Myeloid	964	0.13069603013595513	0.0490018918707046	0.028130563704532024	0.10362610045812524	0.9277738285913203	5439650.0	4857152.713636482	0.10708359662175282
GSE174574	GSM5319992	original_rule	Neuron	5	0.289288327900571	0.250760868723128	0.228913656633447	0.255681101148325	0.5932717510066849	20238.0	14303.376454238092	0.2932416022216576
GSE174574	GSM5319992	original_rule	Neutrophil	176	0.1923740558515111	0.09291349449219766	0.028495737283249827	0.33017950295952625	0.6462131474666528	473654.0	375514.0189515806	0.20719761903925515
GSE174574	GSM5319992	original_rule	OPC	6	0.21460266632998792	0.10778220196703114	0.06587689734821178	0.308876142613061	0.5534547834505897	18710.0	14023.77355898293	0.2504664051853057
GSE174574	GSM5319992	original_rule	Oligodendrocyte	297	0.11273981036512574	0.0375079229852863	0.0175553061375546	0.0839936907176828	0.5393528626756151	1632679.0	1417564.443319045	0.1317555727004237
GSE174574	GSM5319992	original_rule	Pericyte	235	0.15163021688982486	0.0935279622421856	0.021756405962118003	0.19625649617906848	0.5488397819811082	790868.0	638976.9575660785	0.19205612369437308
GSE174574	GSM5319992	original_rule	Smooth_muscle	386	0.12736666951614367	0.0601786115128827	0.04233862538702825	0.12066809531975276	0.5457121508324225	1556318.0	1327340.5180618125	0.14712769622801225
GSE174574	GSM5319992	original_rule	Unassigned	2287	0.13199013432447296	0.0668935018302655	0.0492669145015271	0.1021850313842705	0.591586942777887	8707215.0	7451666.9184947675	0.14419628796408868
GSE245386	GSM7841720	whole_brain_broad	Astrocyte	669	0.38576816305645895	0.343931191075591	0.0704618528029642	0.648642186233652	0.9687736262606894	3223066.0	2638185.218721199	0.18146720584648313
GSE245386	GSM7841720	whole_brain_broad	Astroependymal	11	0.3028104119812644	0.0024211178061765	0.00088071475009565	0.7005291561106705	0.9599754566264055	16777.0	13880.69074036263	0.1726357071966007
GSE245386	GSM7841720	whole_brain_broad	Choroid	172	0.10660301616837796	0.0612364903279971	0.029505098304541927	0.1344318149577555	0.3572236984127533	1112002.0	1022708.0239272797	0.08030019377008335
GSE245386	GSM7841720	whole_brain_broad	Dendritic	43	0.10107067032691407	0.0451228532366114	0.018124860302497152	0.13924442200078602	0.35434763600966507	523060.0	467447.3103176796	0.10632181715734412
GSE245386	GSM7841720	whole_brain_broad	Endothelial	3392	0.27903402663002175	0.13372160700945002	0.045151045013267874	0.5192211341251642	0.7690982415711497	18044678.0	15595163.61875975	0.1357471926758821
GSE245386	GSM7841720	whole_brain_broad	Ependymal	237	0.370272575340384	0.409807296282609	0.0730331226749841	0.616678726368874	0.7422179651667534	1217637.0	946790.9567119606	0.22243578610705772
GSE245386	GSM7841720	whole_brain_broad	Fibroblast	37	0.468340224624027	0.42960391871046	0.0254405792296281	0.893188855774709	0.9734872630754363	212666.0	183320.11922272603	0.13799046757485434
GSE245386	GSM7841720	whole_brain_broad	Lymphocyte	118	0.2849928174258349	0.07476842725736595	0.030749879466789948	0.5910591433395723	0.9655497551934435	677724.0	583413.0818802388	0.1391582976547402
GSE245386	GSM7841720	whole_brain_broad	Macrophage	236	0.16615263394974414	0.07211958749297095	0.045886283055907	0.19197728576616374	0.5893974574454193	1892364.0	1674022.8503596387	0.11538010110124763
GSE245386	GSM7841720	whole_brain_broad	Microglia	6709	0.15201250223561652	0.0374826898670284	0.0237551520221489	0.263732233483917	0.5595605956008206	46196928.0	42578376.19315857	0.07832884054198219
GSE245386	GSM7841720	whole_brain_broad	Monocytes	5	0.00028050632942652005	0.0002802330640932	0.0002700900135225	0.0003247989029358	0.00032566708415324	16930.0	16925.35817199427	0.0002741776731086665
GSE245386	GSM7841720	whole_brain_broad	Neuron/Other	678	0.5096640461289003	0.5508939010869525	0.0695746149509595	0.9003651960712695	0.9853225373558292	3447666.0	2809702.9376840447	0.1850420146023296
GSE245386	GSM7841720	whole_brain_broad	OPC	5	0.21318745190310806	0.0113893547965464	0.0001845481048867	0.0652427123186178	0.8042681482214898	51267.0	49838.19507035788	0.027869875936608834
GSE245386	GSM7841720	whole_brain_broad	Oligodendrocyte	2128	0.2787874172727791	0.1900002649929155	0.0372503986535417	0.506173445805843	0.7336173098643305	16793257.0	14468326.91065156	0.13844426303655322
GSE245386	GSM7841720	whole_brain_broad	Pericyte	371	0.32502756009940775	0.0948382589682731	0.0517486895430046	0.7023127587192659	0.978091550948361	1301141.0	1101436.0894978002	0.1534844498038258
GSE245386	GSM7841720	whole_brain_broad	Smooth_muscle	393	0.1976742961695583	0.074971228351606	0.037029951458699	0.263602781848085	0.7732237080009855	3163386.0	2831898.101255903	0.10478895042972847
GSE245386	GSM7841720	whole_brain_broad	Tanycyte	2	0.0003698892276683	0.0003698892276683	0.0003341965940629	0.0004055818612737	0.00043413596815802	1433.0	1432.488735656926	0.00035677902517372573
GSE245386	GSM7841720	original_rule	Astrocyte	748	0.36531386098978963	0.363888438690789	0.08326365399901862	0.5790835494279221	0.8206777395992335	3693507.0	2915454.7423512302	0.21065406337358228
GSE245386	GSM7841720	original_rule	Choroid	303	0.35131302414076754	0.2402442890775	0.0551230555782022	0.6330093526773605	0.9538440528692812	1380623.0	1124192.5726831437	0.18573530016293827
GSE245386	GSM7841720	original_rule	Endothelial	1958	0.11651303237522692	0.051451341000048195	0.03627600707282652	0.10888857820550875	0.4678801048091095	15113629.0	13831542.684736531	0.08482981256609312
GSE245386	GSM7841720	original_rule	Ependymal	313	0.421017207194518	0.457686315394522	0.126680870246961	0.640241622681743	0.8635674041628585	1399816.0	1036197.8110362403	0.2597614179033242
GSE245386	GSM7841720	original_rule	Erythroid	214	0.3761096097695409	0.3535649876827275	0.1384259522731415	0.5677360406376608	0.8614456027181301	845471.0	683558.775977856	0.19150535502949717
GSE245386	GSM7841720	original_rule	Fibroblast	30	0.2568689121673111	0.2475468605925305	0.018079530575039297	0.4197807336405712	0.6303524334755798	206653.0	185660.75382244083	0.10158210225624198
GSE245386	GSM7841720	original_rule	Lymphocyte	97	0.1341196774408309	0.0488540266735639	0.0282192769030513	0.178230753145513	0.5516506478466925	750601.0	659998.7815265636	0.12070623203730935
GSE245386	GSM7841720	original_rule	Microglia	2309	0.05822566222858607	0.0264415025509414	0.0204725359056756	0.0375788620654561	0.24082306348305516	19635891.0	18974677.70891325	0.03367370959060367
GSE245386	GSM7841720	original_rule	Myeloid	699	0.1730624195829798	0.0639244692405667	0.03269497129689605	0.21178535868127651	0.8284499431536636	4954801.0	4524974.538186045	0.08674949040616453
GSE245386	GSM7841720	original_rule	Neuron	244	0.16678844774452017	0.0472524197666754	0.032369411520682206	0.259514367060548	0.6119783799379734	2797724.0	2482500.2608594755	0.11267149266350951
GSE245386	GSM7841720	original_rule	Neutrophil	47	0.20983263538870908	0.148230767461864	0.051182927991430205	0.2788775630644905	0.6773823917126917	185262.0	166264.94556092145	0.10254155973204737
GSE245386	GSM7841720	original_rule	OPC	66	0.42036227646864666	0.4524330172873985	0.1811860490763075	0.6372377073175253	0.805336440794621	246397.0	180896.0523576436	0.26583500465653553
GSE245386	GSM7841720	original_rule	Oligodendrocyte	1857	0.26487154377621736	0.160544963452126	0.0352899091661183	0.477014812638453	0.7024353568442734	15140788.0	13235890.488668464	0.1258123098567615
GSE245386	GSM7841720	original_rule	Pericyte	487	0.2611559152664872	0.17858340776291	0.06100849301917315	0.413712797685909	0.7401045364771679	2249972.0	1788565.5656349787	0.2050720783925406
GSE245386	GSM7841720	original_rule	Smooth_muscle	763	0.41609017364264606	0.446027396395879	0.07673573945126311	0.6402263078142221	0.9204970142469217	3913359.0	3052258.162222146	0.2200413603193201
GSE245386	GSM7841720	original_rule	Unassigned	5071	0.28701310015415876	0.183897135590802	0.0319004990218931	0.4990934683294975	0.8354490720625385	25377488.0	22140234.30032978	0.1275639929243675
GSE245386	GSM7841721	whole_brain_broad	Astrocyte	549	0.18768100786205758	0.0807880755101106	0.0452399453050572	0.253154583705669	0.7448755697002977	3935392.0	3545320.00660279	0.09911896791913233
GSE245386	GSM7841721	whole_brain_broad	Astroependymal	9	0.2643533431450535	0.127620536174695	0.0726571430281955	0.222138891736076	0.8116911504707368	15057.0	13403.201045328537	0.10983588727312632
GSE245386	GSM7841721	whole_brain_broad	Choroid	135	0.0894626804640609	0.0577051178847302	0.03626738059706535	0.09700031049555954	0.3282588059440572	978273.0	872062.010976841	0.10856988695707537
GSE245386	GSM7841721	whole_brain_broad	Dendritic	41	0.12771205326283272	0.0701863576554826	0.0358750388193146	0.204655780266234	0.375221146399849	513746.0	451793.4520589006	0.12058984000089423
GSE245386	GSM7841721	whole_brain_broad	Endothelial	2302	0.11867910313672747	0.057506550372850504	0.0439744943082443	0.09564753771597645	0.5193829353514783	16619086.0	15354595.903940089	0.07608662089238305
GSE245386	GSM7841721	whole_brain_broad	Ependymal	83	0.09804178936497907	0.0659084070322986	0.048655206847650054	0.110931523270993	0.18767462987478123	978231.0	886629.2252538512	0.09364022888882984
GSE245386	GSM7841721	whole_brain_broad	Fibroblast	41	0.2425035594142567	0.10338785461092	0.0481705664452999	0.440221454479978	0.850321258756232	329485.0	295239.130502089	0.10393756771297935
GSE245386	GSM7841721	whole_brain_broad	Lymphocyte	142	0.1416514238924993	0.054193514377653	0.03800906682795147	0.11787082717787425	0.7296066199775181	943334.0	841911.4810594785	0.1075149617638308
GSE245386	GSM7841721	whole_brain_broad	Macrophage	217	0.09896800881333948	0.0763763642529581	0.0564214144779949	0.111817762872054	0.21434804525756276	1951294.0	1756497.1821460244	0.09982955815677985
GSE245386	GSM7841721	whole_brain_broad	Microglia	4356	0.05636407383957398	0.032884879754277	0.02683424573028765	0.04280936303951588	0.218287654573475	45320964.0	42768664.579733476	0.05631608851626646
GSE245386	GSM7841721	whole_brain_broad	Monocytes	20	0.11230432948570439	0.0029357178846671	0.00093573000129705	0.04905016987486445	0.5674533741280113	91729.0	81263.06291796897	0.11409627361064689
GSE245386	GSM7841721	whole_brain_broad	Neuron/Other	184	0.2577261014669098	0.0619817971649051	0.0458631510572135	0.2199838286624825	0.9654653377778603	1926179.0	1768227.498671764	0.08200250409138299
GSE245386	GSM7841721	whole_brain_broad	OEC	1	8.59513018983854e-05	8.59513018983854e-05	8.59513018983854e-05	8.59513018983854e-05	8.59513018983854e-05	15174.0	15172.6986278135	8.576329158438423e-05
GSE245386	GSM7841721	whole_brain_broad	OPC	1	0.0001064426618972	0.0001064426618972	0.0001064426618972	0.0001064426618972	0.0001064426618972	4637.0	4636.50745697658	0.00010622019051542697
GSE245386	GSM7841721	whole_brain_broad	Oligodendrocyte	1290	0.10012787194885986	0.0477396527057405	0.03799583357283275	0.0759847304511587	0.4411747063843183	17060107.0	15731471.610930061	0.0778796633028116
GSE245386	GSM7841721	whole_brain_broad	Pericyte	289	0.13661272844309041	0.067411296922955	0.0527269238220645	0.119386906550071	0.6019168181543099	1393278.0	1238887.76262786	0.11081079107840641
GSE245386	GSM7841721	whole_brain_broad	Smooth_muscle	356	0.11759718605503953	0.05405633718018945	0.041689363980754804	0.1105644093677705	0.3910375627682723	3893664.0	3534707.0703312284	0.09219001168790408
GSE245386	GSM7841721	whole_brain_broad	Tanycyte	1	9.18000571156755e-05	9.18000571156755e-05	9.18000571156755e-05	9.18000571156755e-05	9.18000571156755e-05	14966.0	14964.629148698	9.159770827205094e-05
GSE245386	GSM7841721	original_rule	Astrocyte	537	0.16788366896291473	0.0798025804697461	0.0448717026629138	0.237496583267639	0.5565972644458158	4240209.0	3711160.2082863236	0.12476950822793786
GSE245386	GSM7841721	original_rule	Choroid	180	0.27979392374951534	0.08547814617155114	0.043292547161387425	0.43511073546032397	0.9642669819417707	1155314.0	950520.4205448725	0.1772622676217266
GSE245386	GSM7841721	original_rule	Endothelial	1860	0.07444903083265515	0.052749773448806506	0.042711639794715275	0.07298463067068373	0.17043696537337516	15721775.0	14535885.063876482	0.0754297740632669
GSE245386	GSM7841721	original_rule	Ependymal	89	0.12243011704212124	0.0662418467161097	0.0481525954806548	0.120335166473767	0.3975985040096329	1036194.0	931040.7648069281	0.10148025870934585
GSE245386	GSM7841721	original_rule	Erythroid	60	0.19255590516503587	0.049434921200306806	0.0371722464206941	0.18575241807039675	0.7565788388261065	520110.0	450786.0210946224	0.13328714869042624
GSE245386	GSM7841721	original_rule	Fibroblast	41	0.1686091071330309	0.0975433743318577	0.0481705664452999	0.236344650291117	0.534033727494173	377430.0	336459.48832827195	0.1085512854614844
GSE245386	GSM7841721	original_rule	Lymphocyte	125	0.10181697100071127	0.0511039485818728	0.0377522710620727	0.116883650189326	0.3602302013018738	1005531.0	880432.7449207887	0.12441014258059802
GSE245386	GSM7841721	original_rule	Microglia	1963	0.03638650352918082	0.0307340338830818	0.025691961198282	0.037628298476975	0.060860176718449316	20198727.0	19475341.802295312	0.03581340535493582
GSE245386	GSM7841721	original_rule	Myeloid	561	0.11611289795290361	0.0548923525958473	0.0373208516600911	0.104985164253205	0.457937837633224	5150427.0	4764073.028812941	0.07501396897520518
GSE245386	GSM7841721	original_rule	Neuron	119	0.0794752850665761	0.0490893441213972	0.0415569357161955	0.0627555021662046	0.17484748825644075	1767379.0	1641373.7868761448	0.07129495887631077
GSE245386	GSM7841721	original_rule	Neutrophil	25	0.07870556445485687	0.0197365467077973	0.0010965514924638	0.0537725941850268	0.36604337356512107	143798.0	127346.4797932161	0.11440715591860728
GSE245386	GSM7841721	original_rule	OPC	29	0.26132163366598193	0.296802413759907	0.0849178416935891	0.380339395657805	0.48473288972482004	202868.0	161790.28050754953	0.20248496309151998
GSE245386	GSM7841721	original_rule	Oligodendrocyte	1213	0.09807944914253755	0.0468549617223247	0.0376596334707398	0.0714041158607823	0.45715555921180584	16215267.0	15045654.113081228	0.07213035017670522
GSE245386	GSM7841721	original_rule	Pericyte	355	0.14809951723374976	0.0791023468283196	0.05515724502692215	0.197056653337976	0.42773108629521955	1986842.0	1676063.5640687584	0.15641829392132922
GSE245386	GSM7841721	original_rule	Smooth_muscle	348	0.14345963437433942	0.053516130539821447	0.041501873121316875	0.11371259893250975	0.6074574268420255	3832375.0	3421114.180682574	0.10731225919108278
GSE245386	GSM7841721	original_rule	Unassigned	2512	0.10476895142026758	0.037553119636400054	0.028982508644630027	0.0736264829926298	0.5014777686112206	22430350.0	21066405.066055227	0.06080800941335174
GSE245386	GSM7841722	whole_brain_broad	ABC	9	0.02531176998508531	0.0166217980730285	0.005549331841272	0.0198126048759103	0.0897540764119776	65524.0	65115.26729309826	0.006237908352691224
GSE245386	GSM7841722	whole_brain_broad	Astrocyte	371	0.20120938257045223	0.0766896253373992	0.044287240359305605	0.251457983730377	0.888125003978554	2590783.0	2347499.289898637	0.09390354580115845
GSE245386	GSM7841722	whole_brain_broad	Astroependymal	6	0.006001515557179166	0.00402755929492855	0.0019177941662036	0.007287949776893775	0.0156441082302515	11709.0	11674.253467843217	0.0029675063760170595
GSE245386	GSM7841722	whole_brain_broad	Choroid	118	0.08637614785391558	0.054908147865637455	0.02664706570827	0.10550249866854924	0.2976806380712158	601762.0	555765.7529201381	0.0764359449082227
GSE245386	GSM7841722	whole_brain_broad	Dendritic	56	0.10130214665108471	0.06525118842250716	0.03470423121253465	0.12691160571453525	0.3336449450491885	674809.0	606960.8400997882	0.10054424274159335
GSE245386	GSM7841722	whole_brain_broad	Endothelial	3006	0.10789124424936365	0.048090413404737756	0.03545092281993645	0.0897005818331079	0.4676310364785815	23019768.0	21505336.21359183	0.06578831665063567
GSE245386	GSM7841722	whole_brain_broad	Ependymal	112	0.09782034797876957	0.06646236870817444	0.0446366027667128	0.09758062526976272	0.34784248721625166	1141071.0	1050214.5978491292	0.07962379391893293
GSE245386	GSM7841722	whole_brain_broad	Fibroblast	46	0.24524294793170223	0.114270771518234	0.037276658037418045	0.3356958452164715	0.912497322401691	400781.0	322215.60674589814	0.19603073312882058
GSE245386	GSM7841722	whole_brain_broad	Lymphocyte	76	0.14535011020063174	0.0427170499249745	0.029332014861392926	0.10940937158218475	0.654795370019513	550908.0	497561.08314409474	0.0968345292787639
GSE245386	GSM7841722	whole_brain_broad	Macrophage	214	0.09240906997020283	0.0640009975039864	0.04743725875806658	0.102439038386861	0.22471854756554005	2154783.0	1945619.5141765126	0.09706939669724857
GSE245386	GSM7841722	whole_brain_broad	Microglia	3879	0.05453208776765528	0.0292615485396048	0.0238770943887028	0.0386328394837354	0.21340724968344293	41489120.0	39269684.085213736	0.0534944080468871
GSE245386	GSM7841722	whole_brain_broad	Monocytes	7	0.008690600523566714	0.0006088741671564	0.00028809640663255	0.0006763087716928999	0.04088025200806724	24748.0	24528.043950311818	0.008887831327306528
GSE245386	GSM7841722	whole_brain_broad	Neuron/Other	200	0.20004050714728294	0.0605893817664129	0.037665825971550874	0.1749404685086355	0.9445400139525217	2107113.0	1951329.6941670747	0.07393210797566396
GSE245386	GSM7841722	whole_brain_broad	OEC	1	9.88770273939606e-05	9.88770273939606e-05	9.88770273939606e-05	9.88770273939606e-05	9.88770273939606e-05	7677.0	7676.24331552836	9.856512591377431e-05
GSE245386	GSM7841722	whole_brain_broad	OPC	5	0.02969203053723496	0.021477440227589	0.0202554259340046	0.0394904560093769	0.0615936410251349	58689.0	57149.7452182322	0.02622731315523863
GSE245386	GSM7841722	whole_brain_broad	Oligodendrocyte	820	0.10411513567433103	0.04439198703644215	0.03576034706495887	0.08080548069521135	0.44351516844577826	10859341.0	10095236.793028459	0.07036377317661735
GSE245386	GSM7841722	whole_brain_broad	Pericyte	255	0.12386257134731013	0.0732821349749571	0.0477919909263919	0.127701516495833	0.3550851300231419	1144124.0	1040066.4089135176	0.09094957459723108
GSE245386	GSM7841722	whole_brain_broad	Smooth_muscle	434	0.10219493388503015	0.0504002070159144	0.036555416826585876	0.10344975526207675	0.3702259510658536	5015111.0	4635268.977990226	0.07573950447154099
GSE245386	GSM7841722	whole_brain_broad	Tanycyte	10	0.018093677191873048	0.0123957385514193	0.00198586960598275	0.0299820568735486	0.04833356878743095	64384.0	63335.86531077596	0.016279427951417125
GSE245386	GSM7841722	original_rule	Astrocyte	378	0.16568803072755295	0.07477600944701254	0.043295265361507226	0.22709903687502903	0.5745081608692612	2866233.0	2528705.7482051924	0.11775987918456299
GSE245386	GSM7841722	original_rule	Choroid	155	0.23348465499735807	0.0853241775517079	0.0359862125003171	0.265633693553339	0.9045617759249401	793139.0	674320.3374120832	0.14980812012511913
GSE245386	GSM7841722	original_rule	Endothelial	2238	0.061056152123960296	0.042185107098552346	0.03350411607944277	0.06032230101414792	0.15795674329297132	20186028.0	19148831.747766856	0.05138188910830521
GSE245386	GSM7841722	original_rule	Ependymal	122	0.12522446844713095	0.065193968202431	0.0430784306123901	0.10395158591563025	0.46656002328711216	1225615.0	1118531.8471449986	0.08737095487163704
GSE245386	GSM7841722	original_rule	Erythroid	87	0.1873856652842183	0.082843712793449	0.030203587590860302	0.27672084325582547	0.6122611154430936	642042.0	593656.5827055983	0.07536176339616674
GSE245386	GSM7841722	original_rule	Fibroblast	50	0.16695439571444312	0.11036344596077449	0.037276658037418045	0.2115239024452895	0.589983723893487	485697.0	405127.12373067753	0.16588506058164343
GSE245386	GSM7841722	original_rule	Lymphocyte	65	0.083101958759753	0.0404237656366712	0.0282821653115083	0.0953671469937787	0.21592628622884874	584709.0	524070.02620331873	0.1037079535233445
GSE245386	GSM7841722	original_rule	Microglia	1784	0.03659128510334385	0.02749650530372505	0.02258737164164535	0.034081157193796126	0.06374030958505007	18617169.0	17949116.358096283	0.035883685747479466
GSE245386	GSM7841722	original_rule	Myeloid	487	0.10993687525801293	0.0517765195520418	0.034731702190719804	0.09662645316446469	0.3911203408594687	4843057.0	4441065.610644866	0.08300364611755229
GSE245386	GSM7841722	original_rule	Neuron	135	0.07481142639596848	0.0431594345469559	0.03351060246844795	0.06537509216706455	0.23664067174614808	1955145.0	1819306.0839043665	0.06947766845713921
GSE245386	GSM7841722	original_rule	Neutrophil	11	0.02927448334745817	0.0006873500645986	0.0004600782684937	0.043567905944969954	0.1044431822327162	62399.0	59425.82870972417	0.04764773939126954
GSE245386	GSM7841722	original_rule	OPC	23	0.28804664639076316	0.261217793749404	0.0855794476966001	0.466128285222538	0.6020304575636847	129230.0	96065.89790655178	0.25662850803565906
GSE245386	GSM7841722	original_rule	Oligodendrocyte	828	0.12932442068499794	0.0452132381541792	0.03599054288787315	0.09568381691355726	0.603324494255364	10608616.0	9861038.83979388	0.07046886796601182
GSE245386	GSM7841722	original_rule	Pericyte	307	0.1410947344590536	0.0884760851444647	0.05176989969247645	0.17214361182409949	0.40611094213063176	1789157.0	1507407.3687807154	0.15747619198275198
GSE245386	GSM7841722	original_rule	Smooth_muscle	409	0.11637607551872986	0.0477434148564717	0.0358457074852861	0.0843530289466091	0.4903798367406816	4871451.0	4438091.394295626	0.08895904027452473
GSE245386	GSM7841722	original_rule	Unassigned	2546	0.10477063584098693	0.03624477738710595	0.026553682582273974	0.08244192149695323	0.49016092300264974	22322518.0	20887477.480994094	0.0642866776501605
GSE245386	GSM7841723	whole_brain_broad	ABC	3	0.034423827902331096	0.0424162189593267	0.021250161658059402	0.0515936896751006	0.05893566624771972	45387.0	44361.19204835163	0.022601360558053396
GSE245386	GSM7841723	whole_brain_broad	Astrocyte	292	0.32050848566892853	0.19383391607081552	0.06226834223920988	0.4635099992324582	0.9979121959991905	2126183.0	1745513.409130354	0.17903895895585942
GSE245386	GSM7841723	whole_brain_broad	Astroependymal	7	0.0012124655023232	0.0009439521020565	0.0007205907807923001	0.00105242344896895	0.002944976277199928	5992.0	5986.300071789761	0.0009512563768756532
GSE245386	GSM7841723	whole_brain_broad	Choroid	88	0.08978188641901168	0.0534747080516944	0.031456194634677304	0.10768649770445725	0.35866519769507577	375560.0	342232.27670060727	0.08874140829532629
GSE245386	GSM7841723	whole_brain_broad	Dendritic	93	0.16894647425838136	0.0909294915117975	0.0501379571536408	0.2328157827095	0.5880003840039414	1012605.0	816153.2675738193	0.19400628322611557
GSE245386	GSM7841723	whole_brain_broad	Endothelial	2745	0.1439812166585385	0.0653611978455641	0.0498912555698734	0.117258593909037	0.6505220791335415	23690598.0	21502670.3065421	0.09235426195058061
GSE245386	GSM7841723	whole_brain_broad	Ependymal	78	0.12496057691454773	0.07874422099319695	0.051545706583342454	0.12771550144406324	0.4782435792299092	904745.0	806524.7748293775	0.10856122462199014
GSE245386	GSM7841723	whole_brain_broad	Fibroblast	58	0.24286223256042716	0.06859538457223695	0.041561274931527725	0.2308369534175325	0.9455337633190506	438006.0	377097.04389961535	0.13905963868162685
GSE245386	GSM7841723	whole_brain_broad	Lymphocyte	37	0.1285555216353084	0.0482000170898279	0.0348984778541519	0.108714523714957	0.6619433296363118	298142.0	275411.2969513671	0.07624119731078782
GSE245386	GSM7841723	whole_brain_broad	Macrophage	220	0.1455894688376947	0.0899131097478675	0.06745427398146965	0.1377543218060025	0.5380968901736939	2853204.0	2470371.8484293134	0.13417622839821008
GSE245386	GSM7841723	whole_brain_broad	Microglia	4356	0.05763184067670923	0.03709599570125875	0.03010277840047745	0.048152614636822626	0.14897557174761925	55545037.0	52661066.33857389	0.05192130237353365
GSE245386	GSM7841723	whole_brain_broad	Monocytes	50	0.07586659149111448	0.0230253275149936	0.003985727256713325	0.06531029707256375	0.35674800224695546	208393.0	190159.2399401108	0.08749698914977566
GSE245386	GSM7841723	whole_brain_broad	Neuron/Other	217	0.49986836787121824	0.346810202821642	0.0640971865045648	0.970750266718992	0.997217559615909	1629229.0	1293093.7692891825	0.20631552145881116
GSE245386	GSM7841723	whole_brain_broad	OPC	10	0.15717800148498032	0.03777093907907185	0.0046114050255796	0.148850742909872	0.6479318757447821	89333.0	84700.78052326218	0.05185339658063448
GSE245386	GSM7841723	whole_brain_broad	Oligodendrocyte	877	0.1062343126072043	0.0599397407922924	0.0453428688922034	0.106710604688813	0.35812623181266034	12312816.0	11145694.803569566	0.09478913649245091
GSE245386	GSM7841723	whole_brain_broad	Pericyte	405	0.17251840749465186	0.0823411120917508	0.0581535182703563	0.167425304129709	0.7734684302141882	2296710.0	1941986.7817358873	0.1544484145861309
GSE245386	GSM7841723	whole_brain_broad	Smooth_muscle	316	0.15449214832674762	0.0716845494194169	0.050892965283220674	0.11978159884712125	0.7868113179019093	3322725.0	2982950.2378222346	0.10225786430648498
GSE245386	GSM7841723	original_rule	Astrocyte	288	0.2407778580521494	0.1485140199352875	0.06017358803739173	0.352233126437009	0.7770546383973509	2367264.0	1954311.2807975681	0.17444303601222
GSE245386	GSM7841723	original_rule	Choroid	117	0.30475503060696174	0.0898185555064185	0.0386058496188031	0.495055936369987	0.9851768806752534	463309.0	390213.86272884044	0.15776757470966363
GSE245386	GSM7841723	original_rule	Endothelial	1996	0.07874209728934575	0.05762942848605605	0.0471025458996505	0.07672778841979916	0.19123474045415725	20824642.0	19329058.002896383	0.0718179931786398
GSE245386	GSM7841723	original_rule	Ependymal	80	0.12633460460182322	0.0782397146152828	0.050519478961780225	0.12686230677414775	0.47632529412411156	925771.0	825883.0072693313	0.1078970854894663
GSE245386	GSM7841723	original_rule	Erythroid	116	0.15969186602330865	0.09138273839772104	0.04242727013214258	0.19675181647782	0.6029288628266706	1052166.0	963551.4469401478	0.08422107638894649
GSE245386	GSM7841723	original_rule	Fibroblast	67	0.17532476481271628	0.0706459562309686	0.04254502111630675	0.1937597827598195	0.7921064318135306	551622.0	481566.9295577843	0.12699832574156888
GSE245386	GSM7841723	original_rule	Lymphocyte	27	0.05878599063620715	0.0434652435202205	0.0232524349727838	0.06413793686262535	0.1379752754715874	239312.0	223910.8003185992	0.06435615297770603
GSE245386	GSM7841723	original_rule	Microglia	1724	0.04767127566268195	0.03478184501137215	0.028882661195332324	0.0431322137513313	0.07014448983723579	20555704.0	19668125.662622772	0.04317917485955369
GSE245386	GSM7841723	original_rule	Myeloid	1113	0.1301590233129992	0.0469422266446541	0.0349535590707792	0.0808594252010521	0.9696704599842199	14744995.0	13582107.994922686	0.07886655811530041
GSE245386	GSM7841723	original_rule	Neuron	88	0.11203795969419961	0.05234750786642	0.037516065341124394	0.0954313236782241	0.47699037149108664	1286314.0	1158454.3995949628	0.09939999129686616
GSE245386	GSM7841723	original_rule	Neutrophil	65	0.10315140461424344	0.041065031079051	0.0072538851093737	0.0910859536722201	0.39478680969974217	408016.0	368016.16832915787	0.09803495860662848
GSE245386	GSM7841723	original_rule	OPC	53	0.1834767462645683	0.186340509831029	0.0925254755953249	0.259109636350188	0.4062807443634552	717432.0	590048.6409475991	0.17755461012667528
GSE245386	GSM7841723	original_rule	Oligodendrocyte	828	0.12465562991529913	0.0590463363139574	0.04513473301816355	0.1044561655401525	0.5256317023071906	11247375.0	10201275.391470503	0.09300833381384521
GSE245386	GSM7841723	original_rule	Pericyte	444	0.16207071967895167	0.0904702842068468	0.0595586112043858	0.18581602944984577	0.5691097902914233	2989368.0	2438755.3317057425	0.18419032661561152
GSE245386	GSM7841723	original_rule	Smooth_muscle	287	0.1546760708977612	0.0679422685202025	0.04967330112381605	0.10569400985218749	0.6204461412749617	3161715.0	2792544.4127492514	0.11676276554045784
GSE245386	GSM7841723	original_rule	Unassigned	2559	0.14570413331035312	0.0469552781763361	0.0332968035372914	0.11897253935088051	0.7164527975217221	25619660.0	23718150.3347795	0.07422072210249864
GSE245386	GSM7841724	whole_brain_broad	ABC	6	0.012318596064887383	0.0101022247691935	0.005169056928973376	0.010682034156929126	0.0295866551445531	82660.0	82031.4758442514	0.007603727991151721
GSE245386	GSM7841724	whole_brain_broad	Astrocyte	704	0.17805946105228007	0.0906658658031058	0.06008477441754115	0.2342115051583475	0.5546667255340292	5646511.0	4909201.049085543	0.1305779712311651
GSE245386	GSM7841724	whole_brain_broad	Astroependymal	5	0.00571848894998708	0.0032770160030452	0.0004777318207873	0.0113287802949338	0.012889503958276758	8957.0	8938.251052307181	0.002093217337592823
GSE245386	GSM7841724	whole_brain_broad	Choroid	19	0.09274503619740118	0.0321751621332495	0.0036755509303022997	0.10278645633856526	0.34689924686017837	147507.0	129355.43844745426	0.12305559432803692
GSE245386	GSM7841724	whole_brain_broad	Dendritic	22	0.1052326867765798	0.0404104937436269	0.030485571588202025	0.16837707326079998	0.24397105263614904	332377.0	293161.53011655615	0.11798490835239461
GSE245386	GSM7841724	whole_brain_broad	Endothelial	2714	0.12555856202122181	0.07813533190059865	0.059636298262908304	0.12238649416765925	0.44839250342757975	18381069.0	16565419.486396391	0.09877823284399889
GSE245386	GSM7841724	whole_brain_broad	Ependymal	95	0.17658838512671565	0.085427762126545	0.06607780268723505	0.1632222731316955	0.6088046412552234	912704.0	793837.685759228	0.13023533833616596
GSE245386	GSM7841724	whole_brain_broad	Fibroblast	36	0.23196123517396833	0.07453512446247071	0.027055370134502724	0.34847956172598027	0.8968149612501237	212908.0	181855.70435843104	0.1458484211094414
GSE245386	GSM7841724	whole_brain_broad	Lymphocyte	33	0.38553592522297137	0.208630009199393	0.0738143034428458	0.789484540058605	0.9759313756640193	167402.0	142465.36223930342	0.14896260355728475
GSE245386	GSM7841724	whole_brain_broad	Macrophage	165	0.12430498563497823	0.0824597602525846	0.0651259800762803	0.114823144035018	0.4286705091570114	1705927.0	1483239.6848103097	0.13053742345932173
GSE245386	GSM7841724	whole_brain_broad	Microglia	4606	0.06878625221468183	0.04771157324157725	0.0405381753288353	0.05980985928261898	0.17901712406800774	44658036.0	41726498.78695064	0.06564411415337112
GSE245386	GSM7841724	whole_brain_broad	Monocytes	47	0.07121363811999794	0.0362354494632879	0.009649589719779299	0.07802946237112646	0.2152596832624672	178008.0	160490.40358538227	0.09840904012526253
GSE245386	GSM7841724	whole_brain_broad	Neuron/Other	427	0.20048928730551288	0.0706697789772899	0.0548618982955168	0.194611450279854	0.9060591514205477	4704838.0	4185652.388436801	0.11035143219877053
GSE245386	GSM7841724	whole_brain_broad	OPC	21	0.09510884249506826	0.0777740489813264	0.039889383157056	0.125717131523593	0.241706701058482	253959.0	233400.8903274211	0.08095050646985891
GSE245386	GSM7841724	whole_brain_broad	Oligodendrocyte	2396	0.09417570791194946	0.0560875564620213	0.04504300543262507	0.08124983517066013	0.381300179301159	32301539.0	29237230.664193697	0.09486570704282238
GSE245386	GSM7841724	whole_brain_broad	Pericyte	662	0.14229348826262037	0.0945007030797749	0.0731313483079318	0.13142292151037074	0.45145222007113467	2921375.0	2535856.8185309297	0.1319646335951633
GSE245386	GSM7841724	whole_brain_broad	Smooth_muscle	363	0.13154007731900233	0.0716654694533352	0.057967808467651705	0.1277217031605625	0.49425142149373247	3869627.0	3349567.249092191	0.13439531792284087
GSE245386	GSM7841724	whole_brain_broad	Tanycyte	1	0.0003748001621162	0.0003748001621162	0.0003748001621162	0.0003748001621162	0.0003748001621162	782.0	781.707555161654	0.00037397038151665285
GSE245386	GSM7841724	original_rule	Astrocyte	716	0.1699849832852686	0.09143378321552195	0.059977161279553	0.2394330074800665	0.5193876394278085	6120618.0	5200115.620808693	0.15039369867410568
GSE245386	GSM7841724	original_rule	Choroid	25	0.22753412545386198	0.0935742063582125	0.0082131824740158	0.308963269869352	0.8935628792173905	182795.0	156262.38198245308	0.1451495829620445
GSE245386	GSM7841724	original_rule	Endothelial	2147	0.09106189813509274	0.0718627534847727	0.05707849679006345	0.09776087075743894	0.1889735055683102	16683386.0	15272870.350092832	0.08454612570296993
GSE245386	GSM7841724	original_rule	Ependymal	95	0.15839514047514047	0.0831567650587112	0.0653003786767102	0.1422210663937175	0.6038801278343053	929780.0	820121.8452353097	0.11793989413053663
GSE245386	GSM7841724	original_rule	Erythroid	69	0.21938056997722	0.0747080339060999	0.0509839614721216	0.368747790474068	0.8904723945940354	600234.0	526032.1780758642	0.12362149082547103
GSE245386	GSM7841724	original_rule	Fibroblast	34	0.12259483522646922	0.038966617667775094	0.015871745582248076	0.10518867764443054	0.535092819112942	304430.0	262599.43213381415	0.1374061947448867
GSE245386	GSM7841724	original_rule	Lymphocyte	19	0.1400360460535354	0.113905514958689	0.06011041013111655	0.2061123190337915	0.30113378316285894	137607.0	121868.5523319334	0.1143724350364923
GSE245386	GSM7841724	original_rule	Microglia	1692	0.05781926453075814	0.0461603812204848	0.0394680502691335	0.05589298283286382	0.1026823048057881	16369196.0	15475734.029967621	0.05458190921731154
GSE245386	GSM7841724	original_rule	Myeloid	1189	0.07443106528341956	0.049869244173178	0.0418889186762079	0.0656267891332742	0.14336793940876297	11924413.0	11174684.394538883	0.06287341821028147
GSE245386	GSM7841724	original_rule	Neuron	296	0.08121003987136391	0.060187210531542454	0.049192229596649456	0.07711156954826917	0.19866994197109827	3949470.0	3633516.883327694	0.07999886482801644
GSE245386	GSM7841724	original_rule	Neutrophil	72	0.1128848672992051	0.06112607817964175	0.019611850218613277	0.11649772248919575	0.5164146369788682	381072.0	332575.32426666585	0.12726381296273181
GSE245386	GSM7841724	original_rule	OPC	97	0.1574710843280549	0.0865315335789625	0.0533163866761123	0.1790345744289	0.536553608683095	963437.0	830556.9358543977	0.13792294062362387
GSE245386	GSM7841724	original_rule	Oligodendrocyte	2119	0.09649420526327707	0.055313742935607	0.04461883060754135	0.07880344591227464	0.41277023593017576	28740585.0	26253491.741999276	0.08653593021856454
GSE245386	GSM7841724	original_rule	Pericyte	694	0.1415489585288739	0.09788864957559446	0.0740276665018977	0.15160067189229123	0.41204524222660294	3572869.0	2989876.1070373002	0.16317219941808658
GSE245386	GSM7841724	original_rule	Smooth_muscle	372	0.16280152741875434	0.0742506024001322	0.05835149051569282	0.1404429161811175	0.6089611439277203	4044457.0	3390037.063280052	0.16180662489920106
GSE245386	GSM7841724	original_rule	Unassigned	2686	0.12921654685034414	0.0566348565058218	0.043530280826857275	0.11383419445602175	0.5872377702887245	21581837.0	19578641.735849205	0.09281857073384414
