config	comparison	count_source	metric	first	second	n_candidates	n_nonzero_both	n_same_direction	n_zero_first	n_zero_second	same_direction_all_fraction	same_direction_nonzero_fraction	spearman_rho
primary	between_cohorts	raw	custom_score	GSE174574	GSE245386	187	187	150	0	0	0.8021390374331551	0.8021390374331551	0.7251363738547578
primary	between_cohorts	decontx	custom_score	GSE174574	GSE245386	187	187	135	0	0	0.7219251336898396	0.7219251336898396	0.640852055586396
primary	raw_vs_corrected_within_cohort	paired	custom_score	GSE174574_raw	GSE174574_decontx	187	187	173	0	0	0.9251336898395722	0.9251336898395722	0.9277450256231448
primary	raw_vs_corrected_within_cohort	paired	custom_score	GSE245386_raw	GSE245386_decontx	187	187	180	0	0	0.9625668449197861	0.9625668449197861	0.9691145907408001
primary	between_cohorts	raw	lr_means	GSE174574	GSE245386	187	187	148	0	0	0.7914438502673797	0.7914438502673797	0.733640413457083
primary	between_cohorts	decontx	lr_means	GSE174574	GSE245386	187	187	150	0	0	0.8021390374331551	0.8021390374331551	0.7137750209894158
primary	raw_vs_corrected_within_cohort	paired	lr_means	GSE174574_raw	GSE174574_decontx	187	187	178	0	0	0.9518716577540107	0.9518716577540107	0.9815880385562952
primary	raw_vs_corrected_within_cohort	paired	lr_means	GSE245386_raw	GSE245386_decontx	187	187	180	0	0	0.9625668449197861	0.9625668449197861	0.9886588336766574
primary	between_cohorts	raw	expr_prod	GSE174574	GSE245386	187	187	151	0	0	0.8074866310160428	0.8074866310160428	0.7204787880734238
primary	between_cohorts	decontx	expr_prod	GSE174574	GSE245386	187	187	135	0	0	0.7219251336898396	0.7219251336898396	0.6435350305321448
primary	raw_vs_corrected_within_cohort	paired	expr_prod	GSE174574_raw	GSE174574_decontx	187	187	173	0	0	0.9251336898395722	0.9251336898395722	0.9364986442901906
primary	raw_vs_corrected_within_cohort	paired	expr_prod	GSE245386_raw	GSE245386_decontx	187	187	179	0	0	0.9572192513368984	0.9572192513368984	0.9710818610156583
primary	between_cohorts	raw	lrscore	GSE174574	GSE245386	187	187	143	0	0	0.7647058823529411	0.7647058823529411	0.6654099014988507
primary	between_cohorts	decontx	lrscore	GSE174574	GSE245386	187	187	130	0	0	0.6951871657754011	0.6951871657754011	0.5271284185220698
primary	raw_vs_corrected_within_cohort	paired	lrscore	GSE174574_raw	GSE174574_decontx	187	187	173	0	0	0.9251336898395722	0.9251336898395722	0.90101070345511
primary	raw_vs_corrected_within_cohort	paired	lrscore	GSE245386_raw	GSE245386_decontx	187	187	180	0	0	0.9625668449197861	0.9625668449197861	0.9405065904471778
primary	between_cohorts	raw	native_magnitude_priority	GSE174574	GSE245386	187	177	105	9	2	0.5614973262032086	0.5932203389830508	0.2282371264612325
primary	between_cohorts	decontx	native_magnitude_priority	GSE174574	GSE245386	187	183	107	4	1	0.5721925133689839	0.5846994535519126	0.20456584972183398
primary	raw_vs_corrected_within_cohort	paired	native_magnitude_priority	GSE174574_raw	GSE174574_decontx	187	177	145	9	4	0.7754010695187166	0.8192090395480226	0.7733833754584772
primary	raw_vs_corrected_within_cohort	paired	native_magnitude_priority	GSE245386_raw	GSE245386_decontx	187	185	159	2	1	0.8502673796791443	0.8594594594594595	0.8180765061117939
primary	between_cohorts	raw	diagnostic_unique_column_priority	GSE174574	GSE245386	187	168	122	18	3	0.6524064171122995	0.7261904761904762	0.518752314279276
primary	between_cohorts	decontx	diagnostic_unique_column_priority	GSE174574	GSE245386	187	172	119	14	4	0.6363636363636364	0.6918604651162791	0.44234526815881153
primary	raw_vs_corrected_within_cohort	paired	diagnostic_unique_column_priority	GSE174574_raw	GSE174574_decontx	187	166	151	18	14	0.8074866310160428	0.9096385542168675	0.9430739490360465
primary	raw_vs_corrected_within_cohort	paired	diagnostic_unique_column_priority	GSE245386_raw	GSE245386_decontx	187	182	172	3	4	0.9197860962566845	0.945054945054945	0.9535899242852427
reference_singlet	between_cohorts	raw	custom_score	GSE174574	GSE245386	174	174	127	0	0	0.7298850574712644	0.7298850574712644	0.6945034818798734
reference_singlet	between_cohorts	decontx	custom_score	GSE174574	GSE245386	174	174	128	0	0	0.735632183908046	0.735632183908046	0.6598327513115422
reference_singlet	raw_vs_corrected_within_cohort	paired	custom_score	GSE174574_raw	GSE174574_decontx	174	174	169	0	0	0.9712643678160919	0.9712643678160919	0.9422397474184884
reference_singlet	raw_vs_corrected_within_cohort	paired	custom_score	GSE245386_raw	GSE245386_decontx	174	174	158	0	0	0.9080459770114943	0.9080459770114943	0.9427750707879732
reference_singlet	between_cohorts	raw	lr_means	GSE174574	GSE245386	174	174	136	0	0	0.7816091954022989	0.7816091954022989	0.7208277238278126
reference_singlet	between_cohorts	decontx	lr_means	GSE174574	GSE245386	174	174	134	0	0	0.7701149425287356	0.7701149425287356	0.7126088016273829
reference_singlet	raw_vs_corrected_within_cohort	paired	lr_means	GSE174574_raw	GSE174574_decontx	174	174	170	0	0	0.9770114942528736	0.9770114942528736	0.9818513987885745
reference_singlet	raw_vs_corrected_within_cohort	paired	lr_means	GSE245386_raw	GSE245386_decontx	174	174	172	0	0	0.9885057471264368	0.9885057471264368	0.9928585584538947
reference_singlet	between_cohorts	raw	expr_prod	GSE174574	GSE245386	174	174	127	0	0	0.7298850574712644	0.7298850574712644	0.6599830974493549
reference_singlet	between_cohorts	decontx	expr_prod	GSE174574	GSE245386	174	172	126	1	1	0.7241379310344828	0.7325581395348837	0.6272850904468696
reference_singlet	raw_vs_corrected_within_cohort	paired	expr_prod	GSE174574_raw	GSE174574_decontx	174	173	167	0	1	0.9597701149425287	0.9653179190751445	0.9539986377728724
reference_singlet	raw_vs_corrected_within_cohort	paired	expr_prod	GSE245386_raw	GSE245386_decontx	174	173	159	0	1	0.9137931034482759	0.9190751445086706	0.9587117613961231
reference_singlet	between_cohorts	raw	lrscore	GSE174574	GSE245386	174	174	126	0	0	0.7241379310344828	0.7241379310344828	0.6281552756687555
reference_singlet	between_cohorts	decontx	lrscore	GSE174574	GSE245386	174	174	121	0	0	0.6954022988505747	0.6954022988505747	0.6013344358716772
reference_singlet	raw_vs_corrected_within_cohort	paired	lrscore	GSE174574_raw	GSE174574_decontx	174	174	164	0	0	0.9425287356321839	0.9425287356321839	0.9240501427149322
reference_singlet	raw_vs_corrected_within_cohort	paired	lrscore	GSE245386_raw	GSE245386_decontx	174	174	161	0	0	0.9252873563218391	0.9252873563218391	0.8899170134878708
reference_singlet	between_cohorts	raw	native_magnitude_priority	GSE174574	GSE245386	174	166	95	8	1	0.5459770114942529	0.572289156626506	0.10245326529039606
reference_singlet	between_cohorts	decontx	native_magnitude_priority	GSE174574	GSE245386	174	172	93	2	0	0.5344827586206896	0.5406976744186046	0.12567463596568448
reference_singlet	raw_vs_corrected_within_cohort	paired	native_magnitude_priority	GSE174574_raw	GSE174574_decontx	174	166	130	8	2	0.7471264367816092	0.7831325301204819	0.7595444527790657
reference_singlet	raw_vs_corrected_within_cohort	paired	native_magnitude_priority	GSE245386_raw	GSE245386_decontx	174	173	146	1	0	0.8390804597701149	0.8439306358381503	0.7490495162726913
reference_singlet	between_cohorts	raw	diagnostic_unique_column_priority	GSE174574	GSE245386	174	158	115	15	2	0.6609195402298851	0.7278481012658228	0.5137932807585105
reference_singlet	between_cohorts	decontx	diagnostic_unique_column_priority	GSE174574	GSE245386	174	161	105	10	5	0.603448275862069	0.6521739130434783	0.4296240452568723
reference_singlet	raw_vs_corrected_within_cohort	paired	diagnostic_unique_column_priority	GSE174574_raw	GSE174574_decontx	174	157	139	15	10	0.7988505747126436	0.8853503184713376	0.9207833084030127
reference_singlet	raw_vs_corrected_within_cohort	paired	diagnostic_unique_column_priority	GSE245386_raw	GSE245386_decontx	174	168	161	2	5	0.9252873563218391	0.9583333333333334	0.9153580986533576
